Economy_Label,1995_US_at_current_prices_in_millions_Value,1995_US_at_current_prices_Footnote,1995_US_at_current_prices_MissingValue,1996_US_at_current_prices_in_millions_Value,1996_US_at_current_prices_Footnote,1996_US_at_current_prices_MissingValue,1997_US_at_current_prices_in_millions_Value,1997_US_at_current_prices_Footnote,1997_US_at_current_prices_MissingValue,1998_US_at_current_prices_in_millions_Value,1998_US_at_current_prices_Footnote,1998_US_at_current_prices_MissingValue,1999_US_at_current_prices_in_millions_Value,1999_US_at_current_prices_Footnote,1999_US_at_current_prices_MissingValue,2000_US_at_current_prices_in_millions_Value,2000_US_at_current_prices_Footnote,2000_US_at_current_prices_MissingValue,2001_US_at_current_prices_in_millions_Value,2001_US_at_current_prices_Footnote,2001_US_at_current_prices_MissingValue,2002_US_at_current_prices_in_millions_Value,2002_US_at_current_prices_Footnote,2002_US_at_current_prices_MissingValue,2003_US_at_current_prices_in_millions_Value,2003_US_at_current_prices_Footnote,2003_US_at_current_prices_MissingValue,2004_US_at_current_prices_in_millions_Value,2004_US_at_current_prices_Footnote,2004_US_at_current_prices_MissingValue,2005_US_at_current_prices_in_millions_Value,2005_US_at_current_prices_Footnote,2005_US_at_current_prices_MissingValue,2006_US_at_current_prices_in_millions_Value,2006_US_at_current_prices_Footnote,2006_US_at_current_prices_MissingValue,2007_US_at_current_prices_in_millions_Value,2007_US_at_current_prices_Footnote,2007_US_at_current_prices_MissingValue,2008_US_at_current_prices_in_millions_Value,2008_US_at_current_prices_Footnote,2008_US_at_current_prices_MissingValue,2009_US_at_current_prices_in_millions_Value,2009_US_at_current_prices_Footnote,2009_US_at_current_prices_MissingValue,2010_US_at_current_prices_in_millions_Value,2010_US_at_current_prices_Footnote,2010_US_at_current_prices_MissingValue,2011_US_at_current_prices_in_millions_Value,2011_US_at_current_prices_Footnote,2011_US_at_current_prices_MissingValue,2012_US_at_current_prices_in_millions_Value,2012_US_at_current_prices_Footnote,2012_US_at_current_prices_MissingValue,2013_US_at_current_prices_in_millions_Value,2013_US_at_current_prices_Footnote,2013_US_at_current_prices_MissingValue,2014_US_at_current_prices_in_millions_Value,2014_US_at_current_prices_Footnote,2014_US_at_current_prices_MissingValue,2015_US_at_current_prices_in_millions_Value,2015_US_at_current_prices_Footnote,2015_US_at_current_prices_MissingValue,2016_US_at_current_prices_in_millions_Value,2016_US_at_current_prices_Footnote,2016_US_at_current_prices_MissingValue,2017_US_at_current_prices_in_millions_Value,2017_US_at_current_prices_Footnote,2017_US_at_current_prices_MissingValue,2018_US_at_current_prices_in_millions_Value,2018_US_at_current_prices_Footnote,2018_US_at_current_prices_MissingValue,2019_US_at_current_prices_in_millions_Value,2019_US_at_current_prices_Footnote,2019_US_at_current_prices_MissingValue,2020_US_at_current_prices_in_millions_Value,2020_US_at_current_prices_Footnote,2020_US_at_current_prices_MissingValue,2021_US_at_current_prices_in_millions_Value,2021_US_at_current_prices_Footnote,2021_US_at_current_prices_MissingValue,2022_US_at_current_prices_in_millions_Value,2022_US_at_current_prices_Footnote,2022_US_at_current_prices_MissingValue,2023_US_at_current_prices_in_millions_Value,2023_US_at_current_prices_Footnote,2023_US_at_current_prices_MissingValue
"Algeria",3062,,,2752,,,2658,,,2711,,,2403,,,2465,,,2470,,,2892,,,2910,,,3783,,,3742,,,3892,,,5146,,,7959,,,5904,,,6044,,,9975,,,9182,,,9422,,,10567,,,8967,,,8118,,,8621,,,,,,,,,,,,,,,,,,,,
"Angola",,,,,,,,,,,,,,,,,,,,,,,,,,,,1345,,,1331,,,1783,,,1783,,,3273,,,3069,,,2569,,,3604,,,5379,,,4419,,,4615,,,2875,,,1979,,,2783,,,3326,,,2792,,,2149,,,2086,,,3186,,,2260,,
"Benin",,,,,,,,,,174,,,156,,,118,,,121,,,168,,,208,,,209,,,261,,,296,,,498,,,606,,,475,,,824,,,699,,,885,,,1090,,,1585,,,1033,,,1299,,,1688,,,1579,,,1120,,,877,,,1210,,,1160,,,1290,,
"Botswana",,,,,,,,,,,,,,,,260,,,228,,,486,,,497,,,421,,,398,,,381,,,468,,,555,,,541,,,654,,,722,,,780,,,621,,,656,,,644,,,625,,,625,,,725,,,776,,,777,,,892,,,1021,,,978,,
"Burkina Faso",95,,,120,,,103,,,140,,,111,,,76,,,103,,,113,,,129,,,137,,,176,,,191,,,223,,,294,,,287,,,287,,,365,,,420,,,469,,,398,,,371,,,415,,,426,,,489,,,410,,,441,,,494,,,584,,,623,,
"Burundi",59,,,23,,,24,,,34,,,17,,,36,,,20,,,18,,,23,,,16,,,18,,,95,,,54,,,37,,,44,,,57,,,281,,,306,,,102,,,86,,,69,,,100,,,149,,,135,,,141,,,135,,,153,,,164,,,,,
"Cabo Verde",,,,,,,89,,,77,,,80,,,71,,,81,,,84,,,105,,,126,,,129,,,152,,,185,,,214,,,185,,,187,,,223,,,194,,,227,,,212,,,191,,,202,,,233,,,238,,,266,,,241,,,264,,,330,,,345,,
"Cameroon",184,,,158,,,233,,,229,,,244,,,257,,,278,,,329,,,376,,,435,,,441,,,498,,,610,,,847,,,843,,,767,,,1091,,,1130,,,1467,,,1291,,,1177,,,1070,,,1172,,,1216,,,1328,,,1274,,,1541,,,,,,,,
"Central African Republic",34,,,17,,,17,,,21,,,15,,,17,,,16,,,11,,,21,,,27,,,30,,,1,,,34,,,45,,,78,,,54,,,62,,,59,,,43,,,76,,,67,,,59,,,85,,,75,,,91,,,85,,,98,,,104,,,135,,
"Chad",47,,,,,,,,,,,,,,,,,,,,,,,,,,,,,,,,,,,,,,,,,,,,,,,,,,,,,,,,,,,,,,,,,,,,,,,,,,,,,,,,,,,,,,
"Comoros",28,,,23,,,24,,,20,,,14,,,15,,,13,,,14,,,16,,,27,,,28,,,28,,,23,,,57,,,69,,,67,,,85,,,85,,,73,,,78,,,96,,,94,,,83,,,87,,,85,,,86,,,82,,,,,,,,
"Congo",113,,,,,,,,,,,,,,,,,,,,,,,,,,,,,,,,,,,,215,,,287,,,382,,,295,,,393,,,445,,,566,,,614,,,526,,,445,,,625,,,533,,,554,,,601,,,749,,,895,,,,,
"Cote d'Ivoire",509,,,473,,,515,,,606,,,530,,,403,,,499,,,556,,,699,,,741,,,799,,,927,,,1080,,,1449,,,1533,,,1411,,,1563,,,1830,,,1665,,,1696,,,1678,,,1672,,,1857,,,2156,,,2059,,,2131,,,2831,,,3024,,,2899,,
"Dem. Rep. of the Congo",,,,,,,,,,,,,,,,,,,,,,,,,,,,,,,,,,,,,,,,,,,,,,,,,,,,,,,,,,,,,1054,,,778,,,727,,,643,,,664,,,666,,,803,,,893,,,1173,,
"Djibouti",,,,,,,,,,,,,,,,,,,,,,,,,,,,,,,,,,,,,,,,,,,188,,,,,,,,,,,,,,,,,,,,,,,,,,,,,,,,,,,,1614,,,1857,,,2017,,
"Egypt",3070,,,3468,,,3072,,,3021,,,3184,,,2979,,,2745,,,2947,,,2312,,,2410,,,3573,,,3578,,,5061,,,9140,,,7618,,,9382,,,13613,,,14338,,,10359,,,13669,,,12897,,,12347,,,11605,,,12644,,,13484,,,13468,,,18202,,,20636,,,16892,,
"Eritrea",,,,,,,,,,,,,,,,,,,,,,,,,189,,,,,,,,,,,,,,,,,,,,,,,,,,,,,,,,,,,,,,,,,,,,,,,,,,,,,,,,,,,,,,
"Eswatini",,,,,,,,,,,,,,,,191,,,156,,,177,,,226,,,276,,,265,,,180,,,243,,,223,,,239,,,356,,,455,,,349,,,280,,,280,,,249,,,266,,,287,,,335,,,316,,,309,,,381,,,393,,,383,,
"Ethiopia",152,,,,,,25,,,92,,,130,,,80,,,254,,,173,,,563,,,351,,,463,,,437,,,392,,,1123,,,841,,,909,,,1286,,,1330,,,1481,,,1440,,,1696,,,2249,,,1919,,,2217,,,1862,,,2582,,,4299,,,3928,,,2351,,
"Gabon",,,,165,,,167,,,179,,,164,,,164,,,173,,,110,,,118,,,215,,,255,,,260,,,359,,,425,,,400,,,390,,,446,,,436,,,540,,,526,,,471,,,592,,,483,,,490,,,473,,,536,,,583,,,586,,,646,,
"Gambia",69,,,76,,,88,,,107,,,65,,,63,,,45,,,56,,,54,,,91,,,93,,,77,,,94,,,92,,,102,,,98,,,107,,,121,,,125,,,153,,,139,,,149,,,149,,,147,,,161,,,157,,,162,,,169,,,176,,
"Ghana",,,,199,,,197,,,299,,,349,,,345,,,453,,,515,,,515,,,,,,610,,,662,,,971,,,1231,,,1022,,,1140,,,1782,,,1712,,,2150,,,3471,,,2222,,,1653,,,2329,,,2360,,,1861,,,,,,3343,,,2669,,,2333,,
"Guinea",237,,,135,,,125,,,109,,,138,,,125,,,120,,,131,,,,,,159,,,214,,,233,,,188,,,211,,,,,,,,,,,,,,,482,,,595,,,466,,,879,,,,,,,,,,,,,,,,,,,,,,,
"Guinea-Bissau",,,,,,,,,,,,,,,,,,,,,,,,,40,,,22,,,56,,,,,,,,,,,,,,,,,,,,,,,,,,,53,,,75,,,53,,,81,,,68,,,,,,,,,,,,,,,,,
"Kenya",,,,,,,543,,,476,,,328,,,395,,,519,,,360,,,419,,,446,,,523,,,646,,,948,,,1232,,,1516,,,1369,,,,,,,,,1641,,,,,,1693,,,1564,,,2893,,,2228,,,2290,,,2555,,,3013,,,3320,,,3416,,
"Lesotho",,,,,,,,,,,,,,,,56,,,129,,,138,,,177,,,174,,,164,,,166,,,205,,,168,,,215,,,214,,,280,,,265,,,263,,,265,,,249,,,259,,,290,,,274,,,274,,,239,,,296,,,404,,,349,,
"Liberia",,,,,,,,,,,,,,,,,,,,,,,,,,,,,,,,,,,,,,,,,,,,,,,,,,,,,,,,,,,,,,,,,,,343,,,348,,,348,,,313,,,460,,,476,,,510,,
"Libya",,,,,,,,,,,,,,,,,,,,,,,,,,,,,,,,,,,,,1047,,,1452,,,1431,,,2061,,,,,,,,,,,,,,,,,,3230,,,2536,,,3032,,,2833,,,,,,,,,,,,,,
"Madagascar",83,,,63,,,82,,,76,,,66,,,126,,,118,,,73,,,218,,,238,,,241,,,223,,,336,,,372,,,302,,,314,,,486,,,368,,,430,,,502,,,400,,,441,,,713,,,677,,,620,,,613,,,899,,,982,,,773,,
"Malawi",69,,,,,,,,,,,,68,,,42,,,44,,,149,,,92,,,108,,,122,,,131,,,123,,,190,,,212,,,214,,,264,,,144,,,235,,,215,,,198,,,324,,,259,,,233,,,253,,,269,,,241,,,134,,,202,,
"Mali",,,,146,,,114,,,176,,,152,,,90,,,131,,,151,,,213,,,160,,,229,,,287,,,297,,,386,,,,,,508,,,413,,,432,,,,,,,,,,,,551,,,656,,,570,,,611,,,,,,,,,,,,,,
"Mauritania",,,,,,,,,,,,,,,,62,,,64,,,72,,,85,,,130,,,121,,,229,,,323,,,436,,,365,,,310,,,319,,,408,,,403,,,397,,,450,,,367,,,455,,,540,,,577,,,770,,,931,,,1159,,,1181,,
"Mauritius",320,,,356,,,316,,,331,,,299,,,285,,,301,,,398,,,400,,,464,,,506,,,579,,,700,,,902,,,733,,,835,,,994,,,1142,,,1094,,,1085,,,890,,,1031,,,1163,,,1088,,,1060,,,950,,,1013,,,1125,,,1115,,
"Morocco",1538,,,1465,,,1220,,,1365,,,1303,,,1451,,,1464,,,1522,,,1492,,,1843,,,2082,,,2074,,,3624,,,4601,,,3406,,,3678,,,5090,,,5008,,,4250,,,4978,,,3797,,,4623,,,4614,,,5037,,,5009,,,5965,,,7016,,,8989,,,8876,,
"Mozambique",,,,,,,,,,,,,,,,158,,,136,,,173,,,229,,,289,,,331,,,372,,,531,,,555,,,577,,,406,,,761,,,555,,,1035,,,1062,,,905,,,771,,,676,,,1026,,,1177,,,1251,,,1728,,,1705,,,1715,,
"Namibia",,,,,,,,,,,,,,,,220,,,184,,,150,,,196,,,407,,,410,,,409,,,552,,,553,,,777,,,737,,,754,,,818,,,863,,,865,,,831,,,763,,,804,,,830,,,846,,,736,,,909,,,982,,,888,,
"Niger",93,,,102,,,120,,,147,,,120,,,101,,,129,,,146,,,169,,,188,,,237,,,223,,,204,,,277,,,222,,,303,,,258,,,495,,,510,,,483,,,472,,,445,,,560,,,724,,,724,,,855,,,945,,,905,,,604,,
"Nigeria",,,,962,,,1279,,,1163,,,1203,,,1139,,,1686,,,1637,,,2228,,,,,,,,,3868,,,6264,,,2564,,,3947,,,4417,,,19242,,,8006,,,6401,,,7860,,,4749,,,4539,,,5089,,,4734,,,4751,,,8134,,,7482,,,6872,,,6900,,
"Rwanda",,,,47,,,56,,,78,,,55,,,,,,56,,,38,,,30,,,48,,,57,,,77,,,107,,,131,,,151,,,186,,,240,,,217,,,349,,,379,,,376,,,441,,,615,,,581,,,542,,,630,,,741,,,1159,,,,,
"Sao Tome and Principe",,,,,,,,,,,,,7,,,9,,,10,,,13,,,15,,,16,,,19,,,21,,,22,,,30,,,37,,,33,,,42,,,41,,,44,,,50,,,40,,,41,,,41,,,39,,,40,,,41,,,50,,,45,,,56,,
"Senegal",,,,513,,,441,,,457,,,444,,,339,,,438,,,485,,,663,,,774,,,955,,,830,,,1172,,,1612,,,1089,,,1043,,,1311,,,1479,,,1490,,,1396,,,1140,,,1223,,,1542,,,1617,,,1542,,,1799,,,1990,,,2188,,,2097,,
"Seychelles",52,,,66,,,86,,,91,,,93,,,31,,,105,,,127,,,308,,,394,,,413,,,547,,,557,,,481,,,270,,,601,,,788,,,747,,,395,,,310,,,147,,,161,,,161,,,343,,,264,,,267,,,265,,,315,,,366,,
"Sierra Leone",,,,,,,,,,,,,,,,47,,,,,,76,,,,,,,,,,,,,,,,,,,,,,,,,,,,,,,,,,,,225,,,366,,,257,,,340,,,312,,,,,,,,,,,,,,,,,
"South Africa",,,,,,,,,,,,,,,,1110,,,939,,,1116,,,1515,,,2024,,,2214,,,2658,,,3531,,,3904,,,3414,,,4650,,,6032,,,6742,,,6169,,,5702,,,5480,,,5732,,,6057,,,6078,,,5959,,,5499,,,6263,,,6812,,,6490,,
"Sudan",,,"Not applicable",,,"Not applicable",,,"Not applicable",,,"Not applicable",,,"Not applicable",,,"Not applicable",,,"Not applicable",,,"Not applicable",,,"Not applicable",,,"Not applicable",,,"Not applicable",,,"Not applicable",,,"Not applicable",,,"Not applicable",,,"Not applicable",,,"Not applicable",,,"Not applicable",1026,,,1268,,,2420,,,1669,,,3683,,,2121,,,3085,,,,,,,,,,,,,,,,,
"Sudan (...2011)",270,,,168,,,237,,,295,,,174,,,359,,,370,,,414,,,459,,,493,,,877,,,723,,,745,,,1567,,,1208,,,3001,,,1673,,,,,"Not applicable",,,"Not applicable",,,"Not applicable",,,"Not applicable",,,"Not applicable",,,"Not applicable",,,"Not applicable",,,"Not applicable",,,"Not applicable",,,"Not applicable",,,"Not applicable",,,"Not applicable"
"Togo",93,,,124,,,98,,,79,,,105,,,53,,,74,,,82,,,82,,,85,,,74,,,,,,97,,,145,,,159,,,165,,,234,,,261,,,293,,,272,,,278,,,248,,,315,,,287,,,300,,,355,,,410,,,437,,,583,,
"Tunisia",886,,,637,,,718,,,736,,,589,,,598,,,672,,,842,,,801,,,908,,,959,,,1089,,,1701,,,2287,,,1400,,,1873,,,2535,,,1968,,,2363,,,2152,,,2053,,,1928,,,2042,,,2147,,,2055,,,2189,,,2492,,,3168,,,3091,,
"Uganda",163,,,125,,,157,,,178,,,129,,,123,,,113,,,149,,,216,,,274,,,305,,,345,,,435,,,582,,,538,,,589,,,767,,,681,,,686,,,856,,,707,,,684,,,855,,,796,,,811,,,929,,,1207,,,1203,,,1170,,
"United Republic of Tanzania",165,,,194,,,218,,,332,,,256,,,235,,,261,,,233,,,286,,,376,,,304,,,537,,,674,,,610,,,576,,,812,,,1113,,,1036,,,970,,,1173,,,821,,,847,,,797,,,594,,,489,,,669,,,867,,,1100,,,1332,,
"Zambia",67,,,84,,,82,,,129,,,80,,,69,,,93,,,148,,,207,,,151,,,161,,,233,,,205,,,268,,,244,,,249,,,359,,,475,,,432,,,455,,,463,,,437,,,492,,,494,,,521,,,468,,,627,,,668,,,679,,
"Zimbabwe",151,,,,,,,,,,,,,,,125,,,71,,,289,,,186,,,589,,,282,,,402,,,325,,,382,,,703,,,876,,,1059,,,1144,,,878,,,861,,,979,,,988,,,687,,,698,,,358,,,972,,,1008,,,1049,,,1165,,
