Country Name,Country Code,Series Name,Series Code,2001 [YR2001],2002 [YR2002],2003 [YR2003],2004 [YR2004],2005 [YR2005],2006 [YR2006],2007 [YR2007],2008 [YR2008],2009 [YR2009],2010 [YR2010],2011 [YR2011],2012 [YR2012],2013 [YR2013],2014 [YR2014],2015 [YR2015],2016 [YR2016],2017 [YR2017],2018 [YR2018],2019 [YR2019],2020 [YR2020],2021 [YR2021],2022 [YR2022],2023 [YR2023],2024 [YR2024],2025 [YR2025]
Algeria,DZA,"Total reserves (includes gold, current US$)",FI.RES.TOTL.CD,19625060612.8963,25151012703.1373,35454600266.1696,45691652467.4963,59167068864.0544,81462730475.3241,114972269711.741,148098646076.638,155111906771.678,170461132878.607,191369111470.407,200586904241.375,201436604411.914,186350590140.833,150595236894.628,120788088861.403,104852543743.412,87382910154.0942,71795950714.9485,59434389109.5108,56211005199.3665,71852290093.8578,81216738411.6242,83007108429.3211,72495669205.7541
Algeria,DZA,Total reserves in months of imports,FI.RES.TOTL.MO,..,..,..,..,22.7894343241433,30.163003045569,35.3950390078079,32.0738201714419,33.791434082729,36.7819414773254,34.8238177143754,34.3073971199894,32.7812904978346,28.1922504423476,25.8569065523585,22.5792566104525,19.3716083235174,15.926933826264,14.4665752336272,15.4414562891346,13.7665681887564,16.336474497122,17.0452476814619,16.5279389774711,..
Angola,AGO,"Total reserves (includes gold, current US$)",FI.RES.TOTL.CD,731866198.100655,375545950.307129,634199422.3308,1379588147.35472,3196850749.33725,8149079645.64961,11196800894.0338,17869411576.4837,13664098153.6474,19678661657.2159,27039761554.085,31161778888.6797,31500815461.6599,27032344084.4907,23790543425.2351,23672191989.4347,17455327770.6619,15410405365.47,16334853784.0603,13781988139.5961,14468113825.809,13654715740.4529,13942114198.8828,14242892504.625,13536065181.9187
Angola,AGO,Total reserves in months of imports,FI.RES.TOTL.MO,1.06051298619751,0.515950491062243,0.722048941236958,1.25835735524017,1.99794220547624,4.32469967086085,3.89157343751113,3.74480928595891,3.36113820275681,5.41091833069453,6.0305602882839,6.61494628107062,6.28848630390088,5.14629092203124,6.48204569064842,9.08387120490077,5.81818691844858,5.41264015408642,6.42509428996665,8.02614772310759,6.94915414648974,4.3768328674863,5.08927113560434,5.51374910579315,5.32280228774496
Benin,BEN,"Total reserves (includes gold, current US$)",FI.RES.TOTL.CD,..,..,..,..,..,..,..,..,..,..,..,..,..,..,..,..,..,..,..,..,..,..,..,..,..
Benin,BEN,Total reserves in months of imports,FI.RES.TOTL.MO,..,..,..,..,..,..,..,..,..,..,..,..,..,..,..,..,..,..,..,..,..,..,..,..,..
Botswana,BWA,"Total reserves (includes gold, current US$)",FI.RES.TOTL.CD,5897250157.19176,5473918813.89759,5339775869.80523,5661431014.73493,6309056417.68859,7992391904.99401,9789741087.58999,9118637749.14695,8703960321.12573,7885211136.02874,8081886824.17054,7627970305.74516,7726052443.97927,8322771529.48769,7546144960.24368,7188821774.82296,7490512373.36878,6656913637.84624,6170221067.31238,4940893802.78156,4801608912.27109,4278950590.03447,4755831848.94263,3455661776.33964,..
Botswana,BWA,Total reserves in months of imports,FI.RES.TOTL.MO,26.729041672384,21.460908538314,16.816569647457,13.994111443137,15.8904869813322,20.5493536757065,19.6010926257415,15.7252080622285,17.4791313411833,12.3974795027323,10.9462028718796,9.84524080322996,9.18730550151156,10.266911009258,10.297414998766,10.2345139601368,11.3608810616714,8.69368416094931,8.35244884596834,7.742104293835,6.00373614438294,4.98603986672535,7.17982295358158,4.75676435737337,..
Burundi,BDI,"Total reserves (includes gold, current US$)",FI.RES.TOTL.CD,17974678.2401183,59105712.309297,67366291.2726551,66173617.2508293,100575245.808507,131138494.759737,177130962.895465,266537169.93856,323088641.078175,332085022.471922,295447213.888204,308757013.647554,329308184.126304,317139256.456432,136134382.176262,95158477.530626,97402580.4255521,68126200.7714545,111373704.053543,90319165.5391625,266164087.470182,158530300.559317,90349885.1781753,..,..
Burundi,BDI,Total reserves in months of imports,FI.RES.TOTL.MO,1.33025157537565,4.4337848919473,4.17061066312131,3.14442269326082,3.50915226525564,3.41826519192416,4.7150166604239,5.24828125740751,7.2062322125277,6.44055377637319,4.48625999718291,3.92797591339732,4.26781634100802,4.02176288359724,1.8961029440615,1.50902321397986,1.30727511110529,0.852960373587828,1.24855957440014,1.00573755873484,2.61656264900726,1.29463880139478,0.734240336787315,..,..
Cameroon,CMR,"Total reserves (includes gold, current US$)",FI.RES.TOTL.CD,340115355.120412,639930327.323177,652135227.569221,842430190.035234,964745492.908923,1735263262.18996,2931745509.79895,3112861315.14642,3675521655.97273,3642642765.84442,3198717752.7485,3380703262.12093,3471999831.39101,3168216856.18041,3536255065.98645,2225708778.07818,3196791410.74604,3459329760.96426,3720172167.11585,3961753887.41141,4299788713.29081,5133480338.41129,4882047276.67739,5061511549.89538,..
Cameroon,CMR,Total reserves in months of imports,FI.RES.TOTL.MO,1.2341474366146,2.17333725745259,1.974322770903,2.23588361085012,2.3089935699571,4.13535351308048,5.36272056645664,4.40886187466154,6.4207178051139,6.514755701133,4.41639367786274,4.60490247863692,4.32724949503085,3.61188832772365,5.04658828570745,3.40870594357099,4.72598094872677,4.42822803998766,4.3937287007678,5.78826250910732,5.21284074886784,5.58537321573804,5.10504144166634,5.27511403162855,..
Cabo Verde,CPV,"Total reserves (includes gold, current US$)",FI.RES.TOTL.CD,45479478.0687327,77123428.2731056,92617800.6630992,139362725.6678,174391987.426298,254525770.70586,364462266.13089,361467111.500192,397876708.938471,382190200.497035,338617823.352149,375841714.655623,475334069.480303,510930777.488313,494495560.716106,572736752.547996,617362329.826463,606003781.270023,737990665.417386,735084797.415375,769650450.739642,729566303.824111,837880565.130438,783105557.825454,1258902686.26313
Cabo Verde,CPV,Total reserves in months of imports,FI.RES.TOTL.MO,1.53074788604475,2.15147514961454,1.95175672738554,2.50399514308198,3.01250535841627,3.53938477089147,4.00607132378474,3.44800454448554,4.19143371014638,3.80133171748194,2.78274765049762,3.50891227042759,4.61046250066902,4.57072732585861,6.07268158874077,6.33870981346661,5.83165192442221,5.15276588763935,6.49615331418896,8.23404266367795,7.91172543556312,6.42013404384939,6.70642390290338,5.99591137593407,8.68827573096616
Burkina Faso,BFA,"Total reserves (includes gold, current US$)",FI.RES.TOTL.CD,..,..,..,..,..,..,..,..,..,..,..,..,..,..,..,..,..,..,..,..,..,..,..,..,..
Burkina Faso,BFA,Total reserves in months of imports,FI.RES.TOTL.MO,..,..,..,..,..,..,..,..,..,..,..,..,..,..,..,..,..,..,..,..,..,..,..,..,..
Central African Republic,CAF,"Total reserves (includes gold, current US$)",FI.RES.TOTL.CD,121827806.687419,127052247.633007,137053605.720033,153195695.517303,144923649.427183,132419817.11154,91867874.1209709,131466500.98142,210590013.326623,181175454.945794,154510967.212474,157902473.531176,193663724.475369,259571697.529109,213800567.288047,239797985.500412,362717270.49893,361797180.317652,350305401.8215,432524260.923722,483872115.778418,374404781.268039,479592712.605639,489286576.286085,..
Central African Republic,CAF,Total reserves in months of imports,FI.RES.TOTL.MO,..,..,..,..,..,..,..,..,..,..,..,..,..,..,..,..,..,..,..,..,..,..,..,..,..
Chad,TCD,"Total reserves (includes gold, current US$)",FI.RES.TOTL.CD,125450913.473422,222510578.661822,191745202.611172,226603535.300678,231282856.164012,632157876.917181,964338636.974652,1355146208.38943,616701392.110048,632405291.277491,951097160.643999,1155659286.59738,1183031943.77765,1075906114.58729,368916823.816674,8184292.08845216,8575237.41520016,147750165.909777,310032032.850238,390675163.109219,211590754.917343,1013220923.95659,1049788251.30153,1547604928.86707,..
Chad,TCD,Total reserves in months of imports,FI.RES.TOTL.MO,..,..,..,..,..,..,..,..,..,..,..,..,..,..,..,..,..,..,..,..,..,..,..,..,..
Comoros,COM,"Total reserves (includes gold, current US$)",FI.RES.TOTL.CD,62479684.9742352,80135345.6663709,94540111.9561427,103991907.504963,86095117.2184943,93890572.0897279,117643066.371415,112663906.888918,150899368.041147,146075888.489772,156064553.741795,195019557.081483,174071467.956823,171159502.43982,200562427.653927,159412124.098012,207879895.509358,199213183.261238,202031707.232998,294339897.88933,329671751.96892,283746116.067475,324560634.116795,323945586.380687,409067424.497452
Comoros,COM,Total reserves in months of imports,FI.RES.TOTL.MO,..,..,10.4589644806851,9.87356694543066,7.15786279641136,7.00368886610529,7.22565570931235,5.12659827941711,6.98989528342437,6.35855293538111,6.00317992094068,7.15467027683093,..,6.07988035631515,8.96697419041541,7.08079906543647,8.09775360348587,6.67439551749484,6.79842494084219,10.180847011885,9.38387950850108,7.01550904247258,7.61057543164725,..,..
"Congo, Rep.",COG,"Total reserves (includes gold, current US$)",FI.RES.TOTL.CD,71990506.3583461,35447852.891381,39441158.0588261,124471455.266244,737537427.530678,1848005218.09028,2183569352.93452,3881458050.91579,3806250383.75173,4446850565.67434,5641136195.74763,5549563315.43625,5245011451.13999,4926098059.12833,2221497219.19564,714352000.79598,379984138.830498,423617388.256644,988316008.036769,1140500574.79268,828560334.612028,835649476.998537,715391052.357981,758550233.065437,..
"Congo, Rep.",COG,Total reserves in months of imports,FI.RES.TOTL.MO,0.387478233044823,0.170408907610847,0.205051858440714,0.505917135049676,2.04876556051794,3.57241547038062,3.26975630499668,6.22408972007095,5.92600506642257,6.45536170018323,7.03608872268845,8.3301426095279,8.16566157721919,6.61865589313616,2.76745313851708,1.11391426492275,..,..,1.84721342330911,4.06325128634281,1.60424664602081,..,..,..,..
Cote d'Ivoire,CIV,"Total reserves (includes gold, current US$)",FI.RES.TOTL.CD,..,..,..,..,..,..,..,..,..,..,..,..,..,..,..,..,..,..,..,..,..,..,..,..,..
Cote d'Ivoire,CIV,Total reserves in months of imports,FI.RES.TOTL.MO,..,..,..,..,..,..,..,..,..,..,..,..,..,..,..,..,..,..,..,..,..,..,..,..,..
"Congo, Dem. Rep.",COD,"Total reserves (includes gold, current US$)",FI.RES.TOTL.CD,82500000,73858396.5161329,97757335.84787,236242009.298167,131200257.922625,154503797.163646,180677436.98623,77733370.4394543,1035381387.91635,1299652041.01224,1267500302.99162,1632551644.22764,1678465311.80225,1556982977.8414,1215934551.45168,708160749.155332,695398161.997957,665272094.992908,1194373484.64689,747655324.338114,3467115960.59408,4378100481.59101,5104181646.5526,..,..
"Congo, Dem. Rep.",COD,Total reserves in months of imports,FI.RES.TOTL.MO,..,..,..,..,0.40453328581708,0.484224076357114,0.314166991803565,0.105248955778473,1.64105303786717,1.30716825849861,1.16364130735892,1.62246319010679,1.22602307888089,1.13228605984966,1.0430266435877,0.571544526905987,0.58950064275133,0.408229282555945,0.778786794619875,0.560133687624344,1.70980437781737,1.53179038968345,1.69039445082268,..,..
"Egypt, Arab Rep.",EGY,"Total reserves (includes gold, current US$)",FI.RES.TOTL.CD,13598234040.4969,14076054422.998,14603576021.3741,15338514716.8958,21856784928.5556,26006845068.1543,32214421786.3476,34330505048.3926,34896678266.342,37028506134.5559,18637541110.4777,15672467970.7728,16536236826.4074,14926998051.7397,15858887325.7756,23642691705.9678,36400242555.8255,41839242990.7097,44568837112.0669,38972812936.6708,39824388217.3615,32143926008.4607,33070180836.1374,44921341018.4659,48875494539.269
"Egypt, Arab Rep.",EGY,Total reserves in months of imports,FI.RES.TOTL.MO,7.45748900818796,8.25026634670873,8.55089573372287,6.63684137548043,7.32906037591457,7.36480504492886,6.95056522562452,5.97060049450951,7.35827452765158,6.70121378987163,3.28531568230903,2.48779534146603,2.73003963526374,2.21204888604566,2.59707505474829,3.8854106958735,5.72306111855628,5.85734270401284,5.83923947440236,5.56473451430895,4.38225643427728,3.32738146369502,3.87390992001782,4.53950764706678,4.35960492991794
Eritrea,ERI,"Total reserves (includes gold, current US$)",FI.RES.TOTL.CD,50449873.4005356,30282531.9211627,24707771.9703722,34746846.5868961,27944199.0527694,23576837.334928,32407629.6596727,56020972.2337436,90010612.7740805,114149602.728927,115328815.906209,132764717.792848,133338047.50637,151753160.388458,145070693.229695,145371150.939987,143412422.685212,163033689.39269,191694416.403147,..,..,..,..,..,..
Eritrea,ERI,Total reserves in months of imports,FI.RES.TOTL.MO,..,..,..,..,..,..,..,..,..,..,..,..,..,..,..,..,..,..,..,..,..,..,..,..,..
Eswatini,SWZ,"Total reserves (includes gold, current US$)",FI.RES.TOTL.CD,271776570.233601,275844476.909858,277512201.613466,323561615.646859,243897157.253523,372529356.202649,774192962.828771,751935734.699347,958869319.489231,756344144.775586,600507428.767504,740960093.303333,762540937.776334,690755431.118014,547997264.064542,564314115.627588,563119751.253452,440685903.013845,440314152.603377,545564174.123745,572281510.898637,452351748.185594,479261051.167947,536572585.913259,..
Eswatini,SWZ,Total reserves in months of imports,FI.RES.TOTL.MO,2.39855926609476,2.45164499487463,1.69627264323011,1.81119649401088,1.28590431365299,1.85674291414487,3.49360898536872,3.63347637307281,4.30560554607723,2.96272802221521,2.95012491152027,3.65593422157524,3.91844292808456,3.49988418367854,3.14041243649884,3.4007165812672,2.78450474310664,2.09231507350459,2.11443216353752,2.98522908769535,2.5779853275999,1.94010425480105,2.05724683789038,1.90984811575409,..
Ethiopia,ETH,"Total reserves (includes gold, current US$)",FI.RES.TOTL.CD,489895094.883338,965896480.119228,955608348.106304,1496784362.17874,1042595212.18723,867438393.591878,1289865496.28638,870502510.194579,1780874214.24059,2241164555.88825,2837310958.4935,2301655547.62419,2363513607.3673,3525244981.05226,3835287576.46954,3030943950.63996,3045571314.79781,3987464165.90059,2992704274.84051,3046114358.80765,1644005887.02273,1191712941.06266,2028214254.61106,3784387425.19121,..
Ethiopia,ETH,Total reserves in months of imports,FI.RES.TOTL.MO,2.6774765390466,5.59777365143906,4.33256750517159,4.74277142884822,2.53122457563319,1.95885471130627,2.22984652213646,1.08431084897836,2.35198741196645,2.69323946325897,2.87144325080088,1.94022284437674,1.97097009114637,2.3002950163837,2.28152768719768,1.78101039203727,1.84484716277073,2.35373732912292,1.80527864372518,2.04857901561174,0.92146131951932,0.578588743645571,1.04253332393312,1.7806234891991,..
Ghana,GHA,"Total reserves (includes gold, current US$)",FI.RES.TOTL.CD,375936405.544189,636059799.997825,1470061309.67805,1749729259.35718,1897057040.26241,2268926566.51141,2218311347.67966,2014205287.49439,3691822335.02409,5158151628.84547,5913600037.24248,5835098328.20187,5587739126.3869,5563709271.19552,5742645886.29529,5866729596.16504,7015187159.64987,6294851564.02725,7563210340.92838,7884091538.70727,9916916899.67781,5205457212.278,3623904994.58702,4472457558.56406,..
Ghana,GHA,Total reserves in months of imports,FI.RES.TOTL.MO,1.21971784706324,2.17027994747621,4.04866980793435,3.73514236982432,3.3229314583965,3.20805003973377,2.53281170109432,1.90391780434853,3.78332230012958,4.25120343144955,3.41339545523001,2.89531175178269,2.778360872176,3.16791053807695,3.09310285341031,3.20054453410844,3.34414965865392,2.72301591901143,2.89562482242713,3.29851075387678,3.91994487404489,1.96715452699178,1.44787783771813,1.6387674511702,..
Gabon,GAB,"Total reserves (includes gold, current US$)",FI.RES.TOTL.CD,13399793.737124,144051938.52431,201927545.206198,449046100.892114,675149856.166232,1121592475.619,1237944497.62597,1934656663.35387,1993241390.30824,1735883130.08267,2157316878.94114,2351562306.82131,3003573133.33984,2478480387.52702,1863120980.87031,789346604.519222,965054219.212038,1321051088.57443,1371973832.67956,1386494674.6587,1304391855.46928,1415483890.94364,1447408422.70298,638788434.429856,..
Gabon,GAB,Total reserves in months of imports,FI.RES.TOTL.MO,0.0726692167123223,0.792335438835603,0.990744323575171,1.72242984305086,2.39210094109553,..,3.60755252104915,4.54384504968868,4.19352698829782,3.08023948210442,3.37727878024404,3.64997585068088,4.72185234565946,4.31825015746515,4.24662276758396,..,..,..,..,..,..,..,..,..,..
Guinea,GIN,"Total reserves (includes gold, current US$)",FI.RES.TOTL.CD,208565056.912718,263312234.455712,281862972.114615,111780254.653341,96326734.1634157,39685709.6499568,46811611.5648928,55670498.0675828,414058705.546063,301523167.014616,947127105.96962,762924793.394676,853882934.802791,983969561.325927,654264223.613139,840496671.437212,980319295.402435,1242328572.91057,1379136556.90392,1499116032.51595,2183067127.24737,2109566460.25546,1887171051.40105,1345598715.8962,..
Guinea,GIN,Total reserves in months of imports,FI.RES.TOTL.MO,2.58086416825724,3.07889159260969,3.22509351790501,1.3403979693022,1.071130147486,0.366823428306938,0.343176860111135,0.349496966601791,3.14234318436688,1.91191393570132,4.01777612198608,2.7833304514499,3.13072929522458,3.74716407453183,2.73184748481687,1.89331945500347,2.71187871173064,3.36217312392069,3.66063890776692,2.77150878858195,4.34735368656877,4.13778949607083,2.1885805394813,1.27721250120659,..
Guinea-Bissau,GNB,"Total reserves (includes gold, current US$)",FI.RES.TOTL.CD,..,..,..,..,..,..,..,..,..,..,..,..,..,..,..,..,..,..,..,..,..,..,..,..,..
Guinea-Bissau,GNB,Total reserves in months of imports,FI.RES.TOTL.MO,..,..,..,..,..,..,..,..,..,..,..,..,..,..,..,..,..,..,..,..,..,..,..,..,..
Kenya,KEN,"Total reserves (includes gold, current US$)",FI.RES.TOTL.CD,1064987676.82776,1068140537.34882,1482117158.64118,1519538696.93683,1799087912.82813,2416073242.93319,3355419015.79063,2878951355.48375,3849500808.92698,4320858499.01272,4265145709.81446,5711831324.95431,6598881868.91412,7874414432.36248,7514864907.05536,7553884912.6237,7325420063.33911,8164380806.22987,9115806005.21186,8297263558.90541,9490896580.9297,7969488013.00049,7341776189.84466,10066607177.351,12394288741.4979
Kenya,KEN,Total reserves in months of imports,FI.RES.TOTL.MO,3.03115422003869,3.16809045543055,4.03534915529281,3.33882804802791,3.11957154190373,3.47614201270206,3.88514278671834,2.7031114252704,4.01198426826367,3.75096597496823,3.05887618096077,3.68947261189703,4.11793739565398,4.36592170439432,4.85820155529876,5.24445206958815,4.22919808384001,4.50003970094331,4.9206748709835,5.00168160921731,4.42483155112942,3.2163509377815,3.13876976697341,4.02886150176484,..
Libya,LBY,"Total reserves (includes gold, current US$)",FI.RES.TOTL.CD,16079034167.688,15892271986.3199,21513345090.3657,27714111996.5342,41879958087.0983,62228722605.3908,83259979623.8923,96334974982.7632,103753849656.653,106144249630.96,110538560730.736,124647554175.811,119714241460.03,93615450486.7895,77649594284.0862,70191441968.8814,79417877682.1686,85335649782.1665,84663589516.8684,79656428064.8913,82262074686.351,86683417844.2693,92427294786.8624,92893708178.1604,104656885592.809
Libya,LBY,Total reserves in months of imports,FI.RES.TOTL.MO,25.9269564649631,18.232051991954,25.9561774667593,27.5396939349462,32.1309057633898,40.2384239284777,43.7720862844936,38.679424629713,43.0093026491999,38.5577154593852,79.2372182724926,40.5251370265739,31.6920933071623,28.693877908734,43.247784057415,69.9832418244537,58.5789163487404,50.6235223615429,38.0566102989733,65.1528587636198,36.8142587224759,35.1475070072353,31.5696640862316,..,..
Liberia,LBR,"Total reserves (includes gold, current US$)",FI.RES.TOTL.CD,480275.980603404,3298470.65155747,7376738.87371289,18742650.4077665,25395460.7689592,71989512.763969,119359165.225347,160860063.211478,372457051.883517,442033413.934885,506827130.971263,574181706.182312,589723179.795312,498992032.99135,560742588.406987,586024559.973529,585997776.606726,332150947.81251,297070852.933414,340965880.534905,700828780.06308,599660417.529907,441429534.738618,367711666.748042,338800671.9524
Liberia,LBR,Total reserves in months of imports,FI.RES.TOTL.MO,..,..,..,0.183410245916068,0.231272266177474,0.458924121190052,0.744375279646856,0.835397121301183,2.41587703103127,2.64118812577831,2.30706901761288,2.47758389154142,2.91954202935374,2.48325765683867,3.79575885451896,4.33165327825303,4.72728102562774,2.87537715730133,2.59791422816958,2.94347863215009,4.52430318639789,3.20335192151185,2.05772839095759,2.01571374383086,..
Malawi,MWI,"Total reserves (includes gold, current US$)",FI.RES.TOTL.CD,206054632.902403,165874400.372773,127393412.936597,133673449.224174,165231252.485267,141932272.746069,227314279.617936,253908648.999834,163276594.709464,325348538.602841,217026444.13814,244599528.364783,428566508.155299,616100759.686287,681580478.271052,610774217.598916,768401046.225973,766154761.931253,846839844.266183,594498493.623211,..,..,..,..,..
Malawi,MWI,Total reserves in months of imports,FI.RES.TOTL.MO,3.60338689472979,2.37061073669846,1.52393880764478,1.38480300216224,1.4265038396789,1.21639560261195,1.68516242984152,1.41272954359397,0.830208688439595,1.37724062315652,0.798481321468289,1.12922993289049,1.59409545385062,2.22891561538263,2.98953546845057,2.9264322975848,3.00930636178987,2.75955421753768,2.85784777016507,1.91482223577028,..,..,..,..,..
Madagascar,MDG,"Total reserves (includes gold, current US$)",FI.RES.TOTL.CD,398349960.538685,363272345.666928,414272747.15771,503524275.988023,481286830.746363,583182459.275841,846677005.492943,982306552.811993,982078789.679611,1022970696.36859,1134559589.73412,1052810915.82789,776146662.956508,773817323.366608,832008813.363757,1183690792.01019,1600175022.31326,1739588290.28962,1693147648.47775,1980766598.34546,2334564597.58187,2159914363.96649,2631980575.49645,2784591092.62259,..
Madagascar,MDG,Total reserves in months of imports,FI.RES.TOTL.MO,3.65342235390107,2.45076906612925,3.4049714220307,3.65085013318953,2.51672910038041,2.78717427411362,2.87086814324589,2.39748885660264,2.88117483545949,3.35948897148675,3.30120833632083,2.90517288851124,2.01828146219003,2.11188672735425,2.51688244186168,3.49250351136419,3.8841418253799,3.91341788311861,3.88000630404626,5.73064033260433,5.46946505469723,3.97343462427459,5.45500694680447,5.50471378808998,..
Morocco,MAR,"Total reserves (includes gold, current US$)",FI.RES.TOTL.CD,8669348376.9561,10375315951.7256,14146568780.7636,16646737348.8154,16550639873.5961,20790794061.3579,24713570214.4397,22719558203.8162,23568387092.7924,23709466593.9932,20167412691.7066,17138210439.2506,18797794939.8508,20272045638.8487,22749566243.6606,25096263443.799,26189585939.2967,24461023093.2087,26412762236.8499,35997639773.4544,35648269520.1527,32314245660.4383,36327701787.7523,37133907722.7893,48453629604.878
Morocco,MAR,Total reserves in months of imports,FI.RES.TOTL.MO,8.80305336942005,9.76299089569238,11.1503344908544,10.5684588498788,9.18820030261672,9.94667175054792,9.05935595048182,6.07073077663712,7.5729311824678,7.27489844884876,4.96289903192589,4.12037435216039,4.54168416711332,4.57755268835333,6.2579510518885,6.33785199898355,6.02529305118118,5.04505638234771,5.58422656502833,8.9354144570375,6.7712924140998,5.06212133329447,5.63476498950226,5.26170979299897,5.92686959641173
Mozambique,MOZ,"Total reserves (includes gold, current US$)",FI.RES.TOTL.CD,726979118.825017,824689975.178826,947825068.839433,1159312550.08723,1102663442.62952,1216256985.54241,1524073650.14614,1660542080.42931,2181058182.59662,2265088387.79537,2591541583.2071,2961916696.09886,3353349471.52203,3221260726.78887,2581229792.39729,2046671563.87338,3361224769.14469,3105757331.8387,3889883054.9102,4075392951.36618,3780829521.5612,2938739967.66209,3637000551.83482,3842807100.82527,..
Mozambique,MOZ,Total reserves in months of imports,FI.RES.TOTL.MO,..,..,..,..,3.95024419309486,3.48102020336704,4.10724202352591,3.68524922948368,5.34312540356023,5.20688842425985,3.88667552242549,2.81877584383824,3.19958231647726,3.23781037939398,2.81635127253168,2.99979204457786,4.69284480579134,3.11688358181244,4.52133143903791,5.30757475895105,4.08988414045527,2.00955486280546,3.26840955581723,3.4400564661862,..
Namibia,NAM,"Total reserves (includes gold, current US$)",FI.RES.TOTL.CD,234251046.833656,323133447.622758,325217778.017771,345060355.267101,312104907.411467,449578847.200303,896022010.407354,1292948220.14149,2050927526.8344,1695691125.42722,1786689867.90836,1745866242.29235,1511161812.62397,1177201629.8477,1688180787.14781,1833673822.03675,2432221196.06343,2149813974.088,2049134995.15919,2171055563.07623,2763919782.17434,2803462864.6202,2956284637.81427,3355524014.61227,3104525016.06736
Namibia,NAM,Total reserves in months of imports,FI.RES.TOTL.MO,1.48754286759837,2.36940491605243,1.89825022310505,1.50977684354761,1.23236410502169,1.63763765079408,2.65869499920016,3.00444880825547,4.55500536671567,3.12254907635517,3.20760398199166,2.63431859193471,2.51318458832551,1.74678929742964,2.75104426276729,3.22198799107636,4.30598122461788,3.58064380954052,3.82775023321378,5.04044744860449,4.52620796292388,4.05042535811041,3.72774979747463,3.95760383889023,..
Nigeria,NGA,"Total reserves (includes gold, current US$)",FI.RES.TOTL.CD,10646598366.0477,7566806239.09119,7415087386.00119,17256543969.1635,28632051717.2055,42735039033.3081,51906164585.6826,53598093556.5368,43129830238.1048,33305051215.6973,33691784435.7376,44973806131.6587,43675023637.5804,35070259874.4871,29011450144.31,28020197619.3379,40499220796.3652,43719362674.791,39382191478.7729,38028751517.615,41727503547.2316,36809762970.197,33452495121.7329,40405994024.7986,46024916767.4055
Nigeria,NGA,Total reserves in months of imports,FI.RES.TOTL.MO,6.82011838685131,4.86841650909391,3.53225471979061,8.74799100376589,9.60467541549227,12.0982199034067,10.2180371505246,7.88144773894107,7.98411055165794,4.37788525667586,3.53184194734956,5.19347277530649,5.08562033779415,3.92421294227136,4.06769256756332,6.16907128225614,7.99776517285898,6.17649818075879,4.20823395263946,5.80242492927345,6.4228056688618,4.82273022445492,5.11997312993286,7.20884197072518,7.11796797049567
Rwanda,RWA,"Total reserves (includes gold, current US$)",FI.RES.TOTL.CD,212109512.511183,243728532.498222,214698552.288102,314640045.452476,256882287.17377,381762789.729147,783926885.383969,769313046.836517,1009885490.217,806395755.959934,717570235.836789,474526025.973946,654417583.464105,945137111.233455,917982055.127134,1013798070.46449,1179023818.21496,1354679758.16221,1464534537.8348,1719664098.77361,1867245803.70416,1725586898.68952,1834052909.65197,2406465191.3504,1962663787.86036
Rwanda,RWA,Total reserves in months of imports,FI.RES.TOTL.MO,..,..,..,..,..,..,..,..,..,5.69636225310919,3.83010457612926,2.27391733575385,2.97395311062963,3.96943077008829,3.57592449884309,3.59817785932419,4.18159625078867,4.38854268645866,4.30465520036574,5.44665496518955,5.47318132745182,3.93246331445544,3.60403578270489,4.18468259139653,..
Sao Tome and Principe,STP,"Total reserves (includes gold, current US$)",FI.RES.TOTL.CD,15481933.6221487,17352535.2577729,25470020.0019815,19503428.3234182,26702730.9769363,34181487.4676944,39331621.0517574,61292170.2180379,66659123.448409,48170349.065802,52125217.7863105,51587491.1367281,63787766.5841619,63523954.9791131,72864704.9867351,63203006.4164723,58950229.500284,43683545.117539,47148376.7357912,75287733.6769769,75017386.4624661,64476467.0374442,46247347.8884686,58787511.7763146,..
Sao Tome and Principe,STP,Total reserves in months of imports,FI.RES.TOTL.MO,4.26702552421825,4.63994761121516,6.00601603862824,4.068051199407,5.5667847706552,5.11929048671958,5.49931646967076,6.36232780873408,7.6416540747777,4.70788283572357,4.18749313477405,4.21105699025785,4.24773385282658,3.24361050346013,4.5989823842938,4.0284435346336,3.58653175138319,2.62268529103604,2.92607566528058,5.52294491311847,4.38717146225122,2.9991013874825,2.58127851159372,3.45560369469119,..
Senegal,SEN,"Total reserves (includes gold, current US$)",FI.RES.TOTL.CD,..,..,..,..,..,..,..,..,..,..,..,..,..,..,..,..,..,..,..,..,..,..,..,..,..
Senegal,SEN,Total reserves in months of imports,FI.RES.TOTL.MO,..,..,..,..,..,..,..,..,..,..,..,..,..,..,..,..,..,..,..,..,..,..,..,..,..
Seychelles,SYC,"Total reserves (includes gold, current US$)",FI.RES.TOTL.CD,37133887.9198106,69794569.4340033,67387801.9996701,34591085.9657841,56244154.2963725,112923278.381745,40768609.3993161,63833877.5195002,190546677.641739,255584702.553665,279115073.987238,308093541.248072,425902438.873118,465010215.592435,536145674.407411,523503786.87859,545203276.387118,549521831.728019,580545515.11504,559681941.832234,702584737.676732,638960849.807493,682793969.314271,773677575.743445,..
Seychelles,SYC,Total reserves in months of imports,FI.RES.TOTL.MO,0.653681222445918,1.24583740650363,1.24223659290958,0.580362678781282,0.722026663525113,1.30496962022344,0.478185271390481,0.657866134156357,2.17787117539294,2.86784093455026,2.65753665261605,2.40190801743564,3.07055063859826,3.28408119354064,4.16789301891773,3.68830215552587,3.34141535258461,3.00007028892703,3.24387390017583,4.75830279763568,4.39700222770535,3.20354803664098,3.16707979951498,3.66691276850985,..
Sierra Leone,SLE,"Total reserves (includes gold, current US$)",FI.RES.TOTL.CD,51311629.2747664,84690145.2514574,66617191.3528421,125104244.368796,170505508.389789,183927216.134409,216555180.811995,220167661.341698,404964508.63092,408971756.317222,439130952.881157,477987067.655213,532538016.704371,600784544.071815,579013520.60832,497242646.676568,549121050.851389,501210759.592547,530137881.482077,707703898.12545,945907747.182478,624496474.631726,495698793.817761,433270129.080483,..
Sierra Leone,SLE,Total reserves in months of imports,FI.RES.TOTL.MO,2.11750626816054,2.84809723704774,1.89801135088378,3.49246995758767,4.01717357157078,4.53043113185203,4.07726894518624,3.85920643011892,6.10085505782486,4.12010211865058,1.94363109796129,2.13293395011697,2.36028530883368,2.21097616476445,2.95870789327103,3.90808805694973,3.85906398459109,3.88778762229147,3.71476218948119,6.08846736606784,5.70444311728532,3.49433181780899,2.61414568311305,1.75019478536003,..
South Africa,ZAF,"Total reserves (includes gold, current US$)",FI.RES.TOTL.CD,7626856919.15025,7816784858.41019,8154089032.58033,14886243628.1943,20624460695.2026,25593361431.1639,32919403650.564,34070371606.9593,39602644576.4755,43819545749.0238,48748260246.0381,50688078405.0297,49708174893.5691,49121568380.4854,45887065756.7249,47180127300.8565,50722891363.2361,51642041966.6735,55055893656.867,55008491995.5568,57597149617.2517,60553113006.2544,62491675820.3129,65434957159.2265,76023398333.6109
South Africa,ZAF,Total reserves in months of imports,FI.RES.TOTL.MO,2.45317346788814,2.50168882524226,1.92764823872227,2.68935775221081,3.16114379578521,3.23727857447778,3.46397510382695,3.3280835307273,5.12662348081341,4.54059848802417,4.19180307031225,4.33171873217314,4.30463726127469,4.42516066122755,4.72421413251299,5.43700662124582,5.2254571809234,4.81246249518312,5.40690081512174,7.12354295570034,5.56291275582496,4.91388463271698,5.33074985880917,5.67102712164407,6.22465629934582
South Sudan,SSD,"Total reserves (includes gold, current US$)",FI.RES.TOTL.CD,..,..,..,..,..,..,..,..,..,..,..,1282090260.28818,947810456.615822,416808670.07584,229880518.366327,68159818.6400242,33820210.9558201,36396368.1998606,378281747.007865,183614816.68196,341932479.973586,94914465.1760948,72880855.2161365,15961778.4894403,..
South Sudan,SSD,Total reserves in months of imports,FI.RES.TOTL.MO,..,..,..,..,..,..,..,..,..,..,..,..,..,0.951484917211162,0.759703291939908,0.361618094817873,0.182679467354685,0.109546774819367,1.03609029459434,0.453781682593365,0.885919595057179,0.161236777638856,0.174842702708606,..,..
"Somalia, Fed. Rep.",SOM,"Total reserves (includes gold, current US$)",FI.RES.TOTL.CD,..,..,..,..,..,..,..,..,..,..,..,..,..,..,..,..,..,..,..,..,..,..,..,..,..
"Somalia, Fed. Rep.",SOM,Total reserves in months of imports,FI.RES.TOTL.MO,..,..,..,..,..,..,..,..,..,..,..,..,..,..,..,..,..,..,..,..,..,..,..,..,..
Sri Lanka,LKA,"Total reserves (includes gold, current US$)",FI.RES.TOTL.CD,1357451866.36814,1705155736.72707,2333781502.23926,2204868879.49586,2734967767.26121,2832098098.88232,3518418228.00438,2616559583.33783,5353610216.22721,7195358507.00001,6739196545.08981,7106460348.66884,7500000871.53903,8210750127.74159,7302096590.22385,6008199165.17799,7959047614.93675,6920825566.09992,7648305273.42442,5663994385.32784,3136991506.34787,1896231717.15846,4405117005.00662,6093946546.37437,..
Sri Lanka,LKA,Total reserves in months of imports,FI.RES.TOTL.MO,2.17164791078699,2.76244828857589,3.48962758206167,2.79452832970533,3.14335216125469,2.75826396952475,3.11009398828274,1.85908918664799,5.21548674233438,5.34354431776972,3.46079601554795,3.68897815263594,3.84760389405601,3.92468380375978,3.48457714580902,2.79773151721733,3.42413053355997,2.81773247932961,3.36492073802705,3.28744685628801,1.59499450325141,1.06429793828172,2.38312008892393,2.86493580597895,..
Sudan,SDN,"Total reserves (includes gold, current US$)",FI.RES.TOTL.CD,49736273.1571601,248935516.455669,529445721.883466,1337996807.7002,1868587865.83723,1659926271.61073,1377921603.31558,1399041059.55575,1094176669.31606,1036244170.70595,192529339.697522,192632614.669593,192956941.623251,181457168.977028,173516490.886743,168284353.053784,177933851.813136,..,..,..,..,..,..,..,..
Sudan,SDN,Total reserves in months of imports,FI.RES.TOTL.MO,0.227166778778944,0.796595776913545,1.4964477891572,2.77533679601372,2.51978838286444,1.44957484836057,1.18516096731899,1.02462166446427,0.889528213179737,0.793170652584922,0.155870348159297,0.188390712083205,0.170670884074813,0.194994810038632,0.183852571194075,0.206371176337176,0.186146721322576,..,..,..,..,..,..,..,..
Tanzania,TZA,"Total reserves (includes gold, current US$)",FI.RES.TOTL.CD,1177357651.66215,1554545483.08318,2038411250.71436,2295701465.88251,2048775519.3419,2259345786.15223,2886381413.93065,2862895993.28886,3470413229.48011,3904676571.71261,3726158402.29752,4052224337.93442,4673729809.18131,4390430240.97061,4080762377.72074,4350687047.93764,5887869884.67437,5049646420.4773,..,..,..,..,..,..,..
Tanzania,TZA,Total reserves in months of imports,FI.RES.TOTL.MO,5.46385194536798,8.07810300091072,8.31761478545153,7.30880244075939,5.29754860384796,5.1971671938126,5.19775259742116,3.7706247440704,5.19586650355662,4.78512504406249,3.47547574973178,3.63343655509615,3.9074100806549,3.70658896237873,4.29719695420776,5.21352348052124,6.82823894355722,5.39079350340926,..,..,..,..,..,..,..
Togo,TGO,"Total reserves (includes gold, current US$)",FI.RES.TOTL.CD,..,..,..,..,..,..,..,..,..,..,..,..,..,..,..,..,..,..,..,..,..,..,..,..,..
Togo,TGO,Total reserves in months of imports,FI.RES.TOTL.MO,..,..,..,..,..,..,..,..,..,..,..,..,..,..,..,..,..,..,..,..,..,..,..,..,..
Tunisia,TUN,"Total reserves (includes gold, current US$)",FI.RES.TOTL.CD,2049572900.90431,2364944045.85817,3036243871.63543,4031139050.31146,4548431873.5589,6911623380.49484,8032361912.05129,9038905598.88531,11294387681.3622,9764265037.07788,7785305507.43057,8717830200.54899,7550027499.83122,7498010302.87675,7559201960.29189,6137077790.03259,6143986079.65126,5661370258.89029,7919981404.82365,9810630874.82627,8845557076.37304,8094326708.95378,9239745488.47506,9343597097.75793,..
Tunisia,TUN,Total reserves in months of imports,FI.RES.TOTL.MO,2.15905411684031,2.4849164800104,2.799253726561,3.10128801033295,3.30887011432798,4.52735297143926,4.17942995825152,3.71016766319854,5.81243792872916,4.40578092536965,3.30881115159635,3.67437262137286,3.16318920380025,3.11530414077352,3.81270777807447,3.22322004504991,3.05538647744885,3.36637745948162,4.96946617760628,7.22784552607324,5.30936676331015,3.99923371559347,4.59768433456009,4.51241564590908,..
Uganda,UGA,"Total reserves (includes gold, current US$)",FI.RES.TOTL.CD,983357418.978631,934009575.937527,1080256630.13831,1308101595.45735,1344201156.70341,1810879485.55993,2559789963.82403,2300539404.85552,2994459465.38175,2706005010.33156,2617450463.11354,3167158060.13695,3337539363.36546,3316363815.29631,2908876773.27382,3097848069.80846,3720863721.20488,3233114649.90299,3246999026.90564,3912651478.07551,4878616030.6679,4080407824.1636,3939109256.17839,3482906765.58962,..
Uganda,UGA,Total reserves in months of imports,FI.RES.TOTL.MO,7.15515564972676,6.65568433634854,7.46450142735085,7.02241146346561,6.11182150683063,6.61051672001135,7.20364316221803,4.85973396849944,6.37256818931286,4.99573089027389,3.9868997528571,4.59111463311976,4.99430849390536,4.75675779493896,4.47518656643369,5.1786766022405,5.49238148094789,3.98741729545389,3.63854743308771,4.2669440012612,5.02530601218919,4.03115326391519,3.20262617939823,2.39405352978069,..
Zimbabwe,ZWE,"Total reserves (includes gold, current US$)",FI.RES.TOTL.CD,119459329.273258,131685657.802575,136092039.396785,234290933.911466,97191584.4838922,154593586.734786,163198334.210503,81875982.8372812,821891029.988351,731779021.646729,660229297.319734,575552811.073803,474968710.14602,363832802.383277,434586085.852928,407193244.098736,292621249.111637,86951094.0294849,151240506.889991,33405021.0134395,838780244.641997,598621573.627058,115529709.859095,484972804.72655,..
Zimbabwe,ZWE,Total reserves in months of imports,FI.RES.TOTL.MO,..,..,..,..,..,..,..,..,2.61352603787681,1.3318070499742,0.831514111822855,0.795385649716409,0.656236844240847,0.528427349867391,0.687604713433443,0.741706945426817,0.531017617986876,0.131062982530595,0.315495092372553,0.0627563301218121,1.14822003436593,0.704318586792695,0.129140652810182,0.519375437391082,..
Zambia,ZMB,"Total reserves (includes gold, current US$)",FI.RES.TOTL.CD,183446871.748212,535132846.101975,247729406.935735,337106225.049386,559788508.275448,719716911.583293,1089952022.63547,1095608609.0688,1892077713.20001,2093753266.11924,2324018126.65836,3042223849.42812,2683813403.45786,3078362296.84348,2967626716.43206,2352719004.10271,2082083919.53427,1569229906.13102,1448624290.19899,1203448374.22209,2753875454.2912,2967565317.1942,3173177777.1366,4089834507.97439,..
Zambia,ZMB,Total reserves in months of imports,FI.RES.TOTL.MO,1.20671755331927,3.40597050825706,1.49119423147485,1.5669398911516,2.11194435581262,1.99159276043448,2.19199542115321,1.92836906641275,5.03509185823866,3.60505486354118,3.19989697582887,3.8015737894156,2.64628606332016,3.14073661293898,3.85992865254806,3.26164878932214,2.51169346017072,1.7717393063951,2.04878637669559,2.16264307026379,3.51108126321395,3.05350657340863,3.02003524718782,3.29291146061725,..
Niger,NER,"Total reserves (includes gold, current US$)",FI.RES.TOTL.CD,..,..,..,..,..,..,..,..,..,..,..,..,..,..,..,..,..,..,..,..,..,..,..,..,..
Niger,NER,Total reserves in months of imports,FI.RES.TOTL.MO,..,..,..,..,..,..,..,..,..,..,..,..,..,..,..,..,..,..,..,..,..,..,..,..,..
Mauritania,MRT,"Total reserves (includes gold, current US$)",FI.RES.TOTL.CD,39833320.3715736,74083411.0217224,31821258.3001081,38764016.7291556,70367752.9793491,194495586.06378,207413837.520998,198598074.427061,237857971.083112,287851716.196257,502324710.555567,968635710.793157,997902480.460926,635387343.480939,822269358.346095,848467104.487379,873822720.854328,934291833.830821,1028702420.51919,1493184646.02741,2038562789.40175,..,..,..,..
Mauritania,MRT,Total reserves in months of imports,FI.RES.TOTL.MO,..,..,..,..,..,..,..,..,..,..,..,2.61303286932213,2.74652266899978,1.9948391298189,3.46682819634328,3.79728857261241,3.49368875015089,3.29501840530548,3.1933864594912,4.63616138143373,5.41378065178569,..,..,..,..
Mauritius,MUS,"Total reserves (includes gold, current US$)",FI.RES.TOTL.CD,852678482.51268,1248516028.91042,1603024427.16079,1632941132.54706,1371551307.82123,1308850537.14132,1831736327.40601,1796126154.22182,2315555503.10442,2618620802.5817,2775245692.87377,3053007539.14535,3490767903.76468,3920880590.24131,4259691508.3633,4962069842.12085,5984338261.63058,6353096296.20215,7362471785.78251,7291065336.38291,8562656039.81864,7792807407.92421,7247890260.49611,8506134285.10038,10308130278.8725
Mauritius,MUS,Total reserves in months of imports,FI.RES.TOTL.MO,3.76599831266865,5.21667463491813,6.04071171612122,5.35157234591244,3.8416263732763,3.1104468908418,3.77788049612888,3.10228446950506,5.03951131635531,2.76187328987435,3.84402414138969,4.06292110349881,3.24066728807318,3.19444105196536,3.88246894724604,4.19748215316334,4.07917562657528,5.02055909982067,5.31674205045728,6.82688446861366,6.90142502576087,4.40281608467904,3.78513133694929,5.16133343497892,..
Lesotho,LSO,"Total reserves (includes gold, current US$)",FI.RES.TOTL.CD,386488996.575835,406370215.02663,460333705.204936,501504280.465691,519110911.299774,658401554.709079,1002760338.36274,971530251.526022,1502248532.21839,1485976652.76529,903895914.949344,999498707.573326,1060172209.08261,1081271062.14794,997431660.022089,925195318.767947,657668309.28208,728527649.979486,774095190.47731,730280379.220373,798207194.327049,771278260.396463,854088923.807729,1007862057.19677,..
Lesotho,LSO,Total reserves in months of imports,FI.RES.TOTL.MO,4.2871856555382,4.63003102622367,3.6953985444197,3.36260389331448,3.66186126464254,4.40108332677451,6.05379619145384,5.73173662289844,8.2990450764628,7.1341035722593,3.820089792664,4.15271259328428,5.24853993646854,5.5848174332554,5.54405086299159,5.24612310765963,3.27497634213543,3.40934039696594,3.92033421844235,4.16948687189679,4.0766259837441,3.9094786369963,4.70108384606496,5.53505392293475,..
,,,,,,,,,,,,,,,,,,,,,,,,,,,,
,,,,,,,,,,,,,,,,,,,,,,,,,,,,
,,,,,,,,,,,,,,,,,,,,,,,,,,,,
Data from database: World Development Indicators,,,,,,,,,,,,,,,,,,,,,,,,,,,,
Last Updated: 07/01/2026,,,,,,,,,,,,,,,,,,,,,,,,,,,,
