Country Name,Country Code,Series Name,Series Code,1996 [YR1996],1998 [YR1998],2000 [YR2000],2002 [YR2002],2003 [YR2003],2004 [YR2004],2005 [YR2005],2006 [YR2006],2007 [YR2007],2008 [YR2008],2009 [YR2009],2010 [YR2010],2011 [YR2011],2012 [YR2012],2013 [YR2013],2014 [YR2014],2015 [YR2015],2016 [YR2016],2017 [YR2017],2018 [YR2018],2019 [YR2019],2020 [YR2020],2021 [YR2021],2022 [YR2022],2023 [YR2023],2024 [YR2024]
Algeria,DZA,Control of Corruption - Governance estimate (approx. -2.5 to +2.5),GOV_WGI_CC.EST,-0.6307227,-0.988979899999999,-1.0443964,-0.9941078,-0.8163111,-0.8390331,-0.6215313,-0.4436557,-0.479348,-0.5819677,-0.6151584,-0.3918564,-0.4094732,-0.453743099999999,-0.4058013,-0.6220502,-0.6299526,-0.6412808,-0.5404682,-0.538513599999999,-0.620545999999999,-0.635634599999999,-0.6509952,-0.6430769,-0.6397452,-0.5933952
Algeria,DZA,Rule of Law - Governance estimate (approx. -2.5 to +2.5),GOV_WGI_RL.EST,-0.9458618,-1.1010212,-1.2303648,-0.6344911,-0.6343434,-0.630240399999999,-0.743434199999999,-0.7722123,-0.7353577,-0.754288499999999,-0.7992988,-0.7700849,-0.833268,-0.820280599999999,-0.7149392,-0.836116699999999,-0.8774318,-0.860594099999999,-0.8676221,-0.853582899999999,-0.845730299999999,-0.7746944,-0.7553319,-0.798385,-0.7329544,-0.6967772
Angola,AGO,Control of Corruption - Governance estimate (approx. -2.5 to +2.5),GOV_WGI_CC.EST,-1.11607529999999,-1.2767286,-1.2804297,-1.3041443,-1.3231498,-1.2228664,-1.2940835,-1.2967958,-1.2804167,-1.2699259,-1.27248349999999,-1.32703029999999,-1.3687643,-1.4394482,-1.46090079999999,-1.48643939999999,-1.4857649,-1.4881942,-1.4208093,-1.18178199999999,-0.9647988,-0.891832299999999,-0.6416506,-0.6031537,-0.6242518,-0.6225793
Angola,AGO,Rule of Law - Governance estimate (approx. -2.5 to +2.5),GOV_WGI_RL.EST,-1.570214,-1.46266379999999,-1.46330349999999,-1.4961635,-1.6751143,-1.4539069,-1.3592364,-1.326343,-1.3309729,-1.2534243,-1.2297726,-1.23819369999999,-1.3083456,-1.34388359999999,-1.3625741,-1.3052002,-1.3086297,-1.3287764,-1.3317055,-1.11055219999999,-1.0519682,-0.9475038,-1.0980135,-1.1625439,-1.1944432,-1.1697408
Benin,BEN,Control of Corruption - Governance estimate (approx. -2.5 to +2.5),GOV_WGI_CC.EST,-0.7690646,-0.827043099999999,-0.835158,-0.8409028,-0.8428625,-0.5094063,-0.7047019,-0.4278956,-0.3382158,-0.3572345,-0.447944599999999,-0.4991988,-0.4955475,-0.677392,-0.573860199999999,-0.6075837,-0.5072447,-0.433568399999999,-0.402134,-0.292142199999999,-0.2398967,-0.0352655,-0.1642663,-0.1108108,-0.1047671,-0.2407154
Benin,BEN,Rule of Law - Governance estimate (approx. -2.5 to +2.5),GOV_WGI_RL.EST,0.0875553,0.0782823,-0.284381799999999,-0.3909663,-0.471632,-0.3862887,-0.403999,-0.2922983,-0.2593314,-0.3488245,-0.407244599999999,-0.3935015,-0.4510183,-0.427510399999999,-0.4894608,-0.4784921,-0.4157073,-0.3859257,-0.3899186,-0.4319457,-0.395343799999999,-0.393457699999999,-0.3852134,-0.468466,-0.390917399999999,-0.4124793
Botswana,BWA,Control of Corruption - Governance estimate (approx. -2.5 to +2.5),GOV_WGI_CC.EST,0.9915488,0.990283,0.9811381,0.7836907,1.2396807,0.9443983,1.170669,0.9295641,0.9258834,1.0295129,0.9356014,1.0119522,1.0051672,1.0357782,0.9806396,0.8215662,0.7957375,0.8579361,0.7790808,0.851239,0.8223154,0.7218389,0.7018975,0.6506622,0.6066871,0.6311414
Botswana,BWA,Rule of Law - Governance estimate (approx. -2.5 to +2.5),GOV_WGI_RL.EST,0.5926621,0.5904947,0.5903787,0.6399536,0.7788139,0.6737986,0.751192,0.6847205,0.7359892,0.776301,0.7161836,0.7341617,0.7466632,0.7034965,0.5939995,0.5753426,0.4252987,0.3914359,0.4037409,0.4031783,0.4519148,0.33481,0.3719933,0.3434669,0.3322692,0.3120842
Burkina Faso,BFA,Control of Corruption - Governance estimate (approx. -2.5 to +2.5),GOV_WGI_CC.EST,0.2221588,-0.039316,-0.0198671999999999,-0.0241316,-0.0366614,-0.2919893,-0.3014107,-0.329758899999999,-0.363213299999999,-0.3391636,-0.388786099999999,-0.381726199999999,-0.347665399999999,-0.375203,-0.4520066,-0.4450109,-0.3288238,-0.2212838,-0.1525315,-0.1575363,-0.2008751,-0.2018274,-0.2024751,-0.2342071,-0.2479719,-0.2525569
Burkina Faso,BFA,Rule of Law - Governance estimate (approx. -2.5 to +2.5),GOV_WGI_RL.EST,-0.5683809,-0.572053199999999,-0.662652799999999,-0.802362199999999,-0.7357604,-0.5249337,-0.5173694,-0.4016298,-0.3620362,-0.3501666,-0.249372099999999,-0.225212499999999,-0.4159968,-0.361949099999999,-0.511934,-0.5499377,-0.5251363,-0.486524199999999,-0.4398187,-0.406209,-0.408522599999999,-0.418916099999999,-0.401084599999999,-0.6266501,-0.7145087,-0.883858599999999
Burundi,BDI,Control of Corruption - Governance estimate (approx. -2.5 to +2.5),GOV_WGI_CC.EST,-0.8688327,-0.8716083,-0.9095626,-0.7006576,-0.7026173,-0.958209,-1.0594009,-1.0671328,-1.1378989,-1.1482657,-1.1815653,-1.2408811,-1.2549651,-1.3979996,-1.3468046,-1.2665737,-1.2586575,-1.2905502,-1.31264049999999,-1.46464249999999,-1.4706435,-1.3529714,-1.390618,-1.3235206,-1.29205449999999,-1.46248849999999
Burundi,BDI,Rule of Law - Governance estimate (approx. -2.5 to +2.5),GOV_WGI_RL.EST,-1.2478356,-1.2415435,-1.244465,-1.2884531,-1.5551255,-1.26135019999999,-1.157865,-1.0092849,-1.0568974,-1.073482,-1.2100316,-1.2592986,-1.2594938,-1.1556781,-1.16960589999999,-1.1036389,-1.3206989,-1.40329029999999,-1.32741439999999,-1.3842373,-1.3300858,-1.32121199999999,-1.3122824,-1.32171369999999,-1.30785589999999,-1.3028277
Cabo Verde,CPV,Control of Corruption - Governance estimate (approx. -2.5 to +2.5),GOV_WGI_CC.EST,0.8518842,0.8461359,0.9189392,0.2984646,0.2967351,0.2245775,0.5718588,0.7083824,0.7952378,0.8879289,0.88572,0.8461885,0.9223281,0.8821601,0.8253651,0.8877993,0.888954,0.8563504,0.8080692,0.8724586,0.8894292,0.8002643,0.8975963,0.856269,0.8619303,0.9407675
Cabo Verde,CPV,Rule of Law - Governance estimate (approx. -2.5 to +2.5),GOV_WGI_RL.EST,1.0866875,0.8111488,0.8077815,0.39262,0.3911002,0.2364353,0.6051481,0.7694096,0.7692416,0.7338143,0.6853671,0.5682754,0.5883838,0.6063501,0.596241,0.6666182,0.6784725,0.6852921,0.701514,0.7400744,0.7683294,0.6687901,0.4863826,0.4774863,0.422484,0.424201
Cameroon,CMR,Control of Corruption - Governance estimate (approx. -2.5 to +2.5),GOV_WGI_CC.EST,-1.1922875,-1.1553371,-1.1590382,-1.3592621,-1.0642977,-1.1561621,-1.2320786,-0.851887899999999,-0.8274568,-0.7677497,-0.7867759,-0.9239071,-1.0477201,-1.2340704,-1.1694764,-1.1800614,-1.0952851,-1.1306679,-1.1579943,-1.1162626,-1.1336941,-1.057706,-1.115647,-1.1102965,-1.1264261,-1.22428539999999
Cameroon,CMR,Rule of Law - Governance estimate (approx. -2.5 to +2.5),GOV_WGI_RL.EST,-1.37748,-1.1637989,-1.2720614,-1.2992569,-1.229768,-0.988837299999999,-1.20739479999999,-1.1748767,-1.0838637,-1.0250358,-1.0514621,-1.0110913,-1.0550838,-1.1055169,-1.16956249999999,-1.0563501,-1.0900712,-1.08851489999999,-1.11830689999999,-1.1423927,-1.18924269999999,-1.2272568,-1.2194535,-1.2120562,-1.2400721,-1.2537215
Chad,TCD,Control of Corruption - Governance estimate (approx. -2.5 to +2.5),GOV_WGI_CC.EST,-1.2927463,-1.2955219,-1.3036368,-1.3093816,-1.4853792,-1.30696719999999,-1.4441465,-1.2943601,-1.3736274,-1.53912579999999,-1.4957,-1.3954646,-1.3655434,-1.37646699999999,-1.4313551,-1.47772829999999,-1.5175651,-1.50292809999999,-1.4572612,-1.46041809999999,-1.4780052,-1.48219979999999,-1.4920803,-1.4663578,-1.48878199999999,-1.3909131
Chad,TCD,Rule of Law - Governance estimate (approx. -2.5 to +2.5),GOV_WGI_RL.EST,-1.0856135,-1.090056,-1.0929775,-1.1607173,-1.4535722,-1.19533469999999,-1.51518859999999,-1.555775,-1.5230352,-1.5673711,-1.5384267,-1.5453464,-1.53988439999999,-1.55651839999999,-1.55121589999999,-1.3726839,-1.3612518,-1.4004476,-1.3185396,-1.35745459999999,-1.32118309999999,-1.33343259999999,-1.34307209999999,-1.38191249999999,-1.454847,-1.4446512
"Congo, Dem. Rep.",COD,Control of Corruption - Governance estimate (approx. -2.5 to +2.5),GOV_WGI_CC.EST,-1.8280343,-1.5961528,-1.6021766,-1.606441,-1.6067882,-1.529402,-1.5329034,-1.5096436,-1.3983526,-1.3199679,-1.3936551,-1.41909129999999,-1.39535909999999,-1.3730997,-1.3705987,-1.4371692,-1.3932852,-1.4189706,-1.4338617,-1.5315596,-1.5570273,-1.4573026,-1.50417239999999,-1.5102589,-1.4890974,-1.5153396
"Congo, Dem. Rep.",COD,Rule of Law - Governance estimate (approx. -2.5 to +2.5),GOV_WGI_RL.EST,-1.7535603,-2.0820764,-2.0582513,-1.9719326,-2.0461906,-1.67271559999999,-1.6100879,-1.617117,-1.59672599999999,-1.5849997,-1.61522529999999,-1.61640879999999,-1.6378424,-1.67236839999999,-1.6163831,-1.55097329999999,-1.57003159999999,-1.52723269999999,-1.59959419999999,-1.65695599999999,-1.649235,-1.6143214,-1.53122649999999,-1.5809744,-1.60554359999999,-1.6266053
Comoros,COM,Control of Corruption - Governance estimate (approx. -2.5 to +2.5),GOV_WGI_CC.EST,-0.9078179,-0.980715999999999,-0.970927299999999,-0.6501245,-0.6520842,-0.7728661,-0.839056199999999,-0.632225399999999,-0.634343,-0.7797098,-0.8052283,-0.795079099999999,-0.7945742,-0.7798117,-0.8220641,-0.8060681,-0.8467167,-0.8635472,-0.9443349,-1.02353499999999,-1.2697513,-1.32241109999999,-1.4088014,-1.33720709999999,-1.15283659999999,-1.14078259999999
Comoros,COM,Rule of Law - Governance estimate (approx. -2.5 to +2.5),GOV_WGI_RL.EST,-1.0622657,-0.992151599999999,-1.4149714,-0.9198794,-0.907331,-1.2322838,-0.9672455,-0.9650362,-0.9635136,-1.0346068,-1.1495004,-1.0378139,-1.0345801,-1.0292356,-0.964946699999999,-0.8098073,-0.7631998,-0.7360739,-0.824427999999999,-0.9141433,-0.981524,-1.0663536,-1.1021442,-1.17970929999999,-1.134272,-1.1308597
"Congo, Rep.",COG,Control of Corruption - Governance estimate (approx. -2.5 to +2.5),GOV_WGI_CC.EST,-0.7452266,-0.6783636,-0.496255199999999,-1.0193486,-1.02080329999999,-0.9621535,-1.1076439,-1.1397101,-1.1032439,-1.20842919999999,-1.20843909999999,-1.1727804,-1.1227079,-1.2236744,-1.1924841,-1.2753339,-1.2818737,-1.2697622,-1.3044744,-1.36936939999999,-1.4947169,-1.3702576,-1.34316449999999,-1.36385159999999,-1.4043963,-1.42356899999999
"Congo, Rep.",COG,Rule of Law - Governance estimate (approx. -2.5 to +2.5),GOV_WGI_RL.EST,-0.912102,-1.6004965,-1.266919,-1.13109749999999,-1.13238899999999,-1.02959849999999,-1.4389458,-1.24651129999999,-1.1855387,-1.1704647,-1.2134292,-1.21704219999999,-1.2164845,-1.1966054,-1.182882,-1.1269949,-1.0761749,-1.1470002,-1.1856071,-1.2048968,-1.22240669999999,-1.2489371,-1.23331679999999,-1.2067389,-1.18292059999999,-1.1785603
Cote d'Ivoire,CIV,Control of Corruption - Governance estimate (approx. -2.5 to +2.5),GOV_WGI_CC.EST,0.0688334,-0.4870276,-0.7462823,-0.7625117,-0.8817182,-1.167954,-1.2702551,-1.143042,-1.0556439,-0.9172218,-0.9153277,-1.00570309999999,-0.9073893,-0.835052,-0.7559365,-0.4250952,-0.4307488,-0.471418699999999,-0.4649251,-0.483168999999999,-0.5301004,-0.4863208,-0.446876999999999,-0.370305999999999,-0.3616761,-0.2850472
Cote d'Ivoire,CIV,Rule of Law - Governance estimate (approx. -2.5 to +2.5),GOV_WGI_RL.EST,-0.806346,-0.9789926,-1.2604893,-1.3787812,-1.37970789999999,-1.4491895,-1.5406218,-1.43173819999999,-1.4040723,-1.3937418,-1.2252638,-1.2583646,-1.3422528,-1.03930259999999,-0.9376194,-0.6596147,-0.6916479,-0.679972399999999,-0.694249799999999,-0.6230846,-0.599899499999999,-0.618331,-0.6527655,-0.6021757,-0.6022948,-0.578144099999999
Djibouti,DJI,Control of Corruption - Governance estimate (approx. -2.5 to +2.5),GOV_WGI_CC.EST,-0.620061499999999,-0.6288049,-0.6190162,-0.624761,-0.6267207,-0.422042,-0.659377099999999,-0.6564207,-0.4894592,-0.283894,-0.488670899999999,-0.5264958,-0.5260663,-0.5478799,-0.620851399999999,-0.7346191,-0.729731599999999,-0.7112911,-0.7643067,-0.821555599999999,-0.9286163,-0.814078299999999,-0.9086172,-0.9087909,-0.905052699999999,-0.8908098
Djibouti,DJI,Rule of Law - Governance estimate (approx. -2.5 to +2.5),GOV_WGI_RL.EST,-0.679712499999999,-0.6777143,-0.6800991,-0.9439884,-0.946087399999999,-0.9142364,-0.9938395,-0.9469968,-0.8951939,-0.7633622,-0.7589431,-0.7820756,-0.864629,-0.865352799999999,-0.917468,-1.0251459,-1.0027773,-1.0026644,-1.01021689999999,-0.9865925,-1.0072723,-1.0447412,-1.0311038,-1.0215603,-1.03950379999999,-1.01039869999999
"Egypt, Arab Rep.",EGY,Control of Corruption - Governance estimate (approx. -2.5 to +2.5),GOV_WGI_CC.EST,-0.2903698,-0.5478542,-0.5521491,-0.6106491,-0.630474,-0.629709699999999,-0.6190665,-0.5725119,-0.536828699999999,-0.571537899999999,-0.4952858,-0.608266,-0.5611174,-0.5175138,-0.5658677,-0.576257999999999,-0.5639736,-0.4472655,-0.4059653,-0.4749757,-0.652109199999999,-0.7914606,-0.7873199,-0.7776624,-0.816904499999999,-0.8269898
"Egypt, Arab Rep.",EGY,Rule of Law - Governance estimate (approx. -2.5 to +2.5),GOV_WGI_RL.EST,0.0157875,-0.182762999999999,-0.1178374,-0.1273754,-0.1323011,-0.1250357,-0.213485199999999,-0.284285,-0.274528,-0.2146515,-0.2094603,-0.2849681,-0.51085,-0.5396816,-0.795294,-0.839702699999999,-0.8381446,-0.8445636,-0.774614199999999,-0.739756099999999,-0.749387999999999,-0.789880599999999,-0.8185251,-0.772813099999999,-0.7776875,-0.751539899999999
Equatorial Guinea,GNQ,Control of Corruption - Governance estimate (approx. -2.5 to +2.5),GOV_WGI_CC.EST,-1.4153174,-1.4168214,-1.4212188,-1.4243318,-1.42539369999999,-1.40483349999999,-1.5058021,-1.3598299,-1.3616268,-1.3611491,-1.2684339,-1.2609948,-1.261717,-1.26321779999999,-1.30996279999999,-1.58996809999999,-1.5888102,-1.6329041,-1.63363519999999,-1.5191557,-1.5178173,-1.51748099999999,-1.51813589999999,-1.5183607,-1.52463899999999,-1.47309619999999
Equatorial Guinea,GNQ,Rule of Law - Governance estimate (approx. -2.5 to +2.5),GOV_WGI_RL.EST,-1.48770849999999,-1.528694,-1.5294067,-1.3292709,-1.33012,-1.3254857,-1.380881,-1.2072542,-1.1413617,-1.0988346,-1.2340921,-1.2288899,-1.226947,-1.2725022,-1.4111595,-1.48349469999999,-1.52240929999999,-1.5650886,-1.5657288,-1.6273258,-1.58846,-1.52793729999999,-1.528819,-1.4839685,-1.48074099999999,-1.54035759999999
Eritrea,ERI,Control of Corruption - Governance estimate (approx. -2.5 to +2.5),GOV_WGI_CC.EST,0.5000207,0.4972452,0.4891302,0.0850292,-0.0183844999999999,-0.212855599999999,-0.4150293,-0.4748534,-0.5423481,-0.6362941,-0.686655799999999,-0.720041399999999,-0.7517438,-0.872825699999999,-0.9908114,-1.124763,-1.3519275,-1.35281649999999,-1.320663,-1.4338129,-1.4238042,-1.3612091,-1.36851339999999,-1.3644356,-1.4131414,-1.6331361
Eritrea,ERI,Rule of Law - Governance estimate (approx. -2.5 to +2.5),GOV_WGI_RL.EST,-0.758338699999999,-0.780851499999999,-0.9662757,-1.013834,-1.024274,-1.1741721,-1.17034439999999,-1.2616976,-1.3537548,-1.41759069999999,-1.4371889,-1.5184043,-1.5167327,-1.51498929999999,-1.570103,-1.676812,-1.6533883,-1.6534478,-1.633707,-1.6817801,-1.6886873,-1.6238593,-1.6516587,-1.7694664,-1.79714659999999,-1.8026292
Ethiopia,ETH,Control of Corruption - Governance estimate (approx. -2.5 to +2.5),GOV_WGI_CC.EST,-0.982270299999999,-0.9835362,-0.9872373,-0.724652499999999,-0.839374,-0.753327299999999,-0.825205899999999,-0.531347999999999,-0.5338238,-0.631941299999999,-0.7219618,-0.6997533,-0.6055573,-0.6106685,-0.5672534,-0.5429668,-0.5196265,-0.435890499999999,-0.5649481,-0.4565279,-0.4268519,-0.368558799999999,-0.4003096,-0.406565399999999,-0.4629488,-0.437863299999999
Ethiopia,ETH,Rule of Law - Governance estimate (approx. -2.5 to +2.5),GOV_WGI_RL.EST,-0.864953299999999,-0.8671207,-0.868545999999999,-1.0602789,-1.0528433,-1.0004513,-0.969752499999999,-0.7615099,-0.7335513,-0.858252,-0.891399899999999,-0.8369645,-0.847511,-0.7490211,-0.8458441,-0.7533654,-0.805187299999999,-0.798565,-0.782502799999999,-0.7938799,-0.7767788,-0.8139468,-0.9484534,-0.9181925,-1.03931399999999,-1.04892419999999
Eswatini,SWZ,Control of Corruption - Governance estimate (approx. -2.5 to +2.5),GOV_WGI_CC.EST,0.021292,0.0185165,-0.0313736,-0.0371185,-0.0390781,-0.303319699999999,-0.3043228,0.0827945,0.0810212999999999,0.1882327,0.1378584,-0.0920035999999999,-0.132006899999999,-0.111456099999999,-0.134462,-0.2843032,-0.2787246,-0.2738615,-0.0881199,-0.272451599999999,-0.2969784,-0.3014253,-0.5806756,-0.6085804,-0.6292553,-0.785159899999999
Eswatini,SWZ,Rule of Law - Governance estimate (approx. -2.5 to +2.5),GOV_WGI_RL.EST,-0.00553699999999999,-0.2108714,-0.211646,-0.5714739,-0.476560899999999,-0.7293921,-0.7870261,-0.6081949,-0.6670587,-0.5202777,-0.5705815,-0.601492599999999,-0.6936422,-0.6112614,-0.6068486,-0.5813088,-0.537880399999999,-0.5377407,-0.4682555,-0.46541,-0.5571124,-0.6595902,-0.6977002,-0.726965099999999,-0.7274341,-0.8598771
Gabon,GAB,Control of Corruption - Governance estimate (approx. -2.5 to +2.5),GOV_WGI_CC.EST,-1.0853559,-0.889018,-0.6951153,-0.6977354,-0.6986292,-0.896137499999999,-0.8227409,-0.841792299999999,-0.964724199999999,-0.9397956,-0.939809799999999,-0.790127399999999,-0.7302265,-0.6847821,-0.6819546,-0.830800499999999,-0.741064899999999,-0.689372299999999,-0.870111499999999,-0.820118999999999,-0.8194499,-0.8043948,-0.8653289,-1.0035399,-0.9748427,-0.936776899999999
Gabon,GAB,Rule of Law - Governance estimate (approx. -2.5 to +2.5),GOV_WGI_RL.EST,-0.6741237,-0.5464678,-0.3341395,-0.3088834,-0.403781599999999,-0.4558228,-0.415891499999999,-0.714449,-0.634752099999999,-0.602971199999999,-0.6433565,-0.6043955,-0.518889199999999,-0.469124999999999,-0.6486187,-0.6161267,-0.6346841,-0.551562099999999,-0.638817,-0.7730817,-0.865841899999999,-0.9315253,-0.9165415,-1.0937103,-1.07816429999999,-1.155705
"Gambia, The",GMB,Control of Corruption - Governance estimate (approx. -2.5 to +2.5),GOV_WGI_CC.EST,-0.2759315,-0.240336599999999,-0.240822799999999,-0.245087299999999,-0.1573975,-0.3962133,-0.6333333,-0.615959599999999,-0.6385879,-0.6917675,-0.7074094,-0.696732999999999,-0.6556196,-0.7701443,-0.8714738,-0.891646899999999,-0.9231417,-0.9137354,-0.503196099999999,-0.417942,-0.3416671,-0.222816799999999,-0.3139401,-0.3002052,-0.296167199999999,-0.3342284
"Gambia, The",GMB,Rule of Law - Governance estimate (approx. -2.5 to +2.5),GOV_WGI_RL.EST,0.3103372,0.3350601,0.0263955,-0.1330182,0.0617904,-0.7057479,-0.4946695,-0.419842799999999,-0.3569654,-0.5183904,-0.633665599999999,-0.6685595,-0.6923652,-0.7332373,-0.8035133,-0.8943356,-0.9141184,-0.964988099999999,-0.5615844,-0.4590143,-0.443056699999999,-0.336829999999999,-0.3721489,-0.3639747,-0.340458,-0.394193399999999
Ghana,GHA,Control of Corruption - Governance estimate (approx. -2.5 to +2.5),GOV_WGI_CC.EST,-0.214866199999999,-0.5731233,-0.0109083,-0.3000833,-0.3194152,-0.3390642,-0.4199254,-0.1130597,-0.0943405,-0.0856728,-0.0172755,0.0661022,0.0550802,-0.0180774,-0.0209075,-0.1952286,-0.2762732,-0.246555599999999,-0.2759026,-0.140224799999999,-0.0994456,-0.0922532,-0.1554389,-0.0967234999999999,-0.1303327,-0.1934794
Ghana,GHA,Rule of Law - Governance estimate (approx. -2.5 to +2.5),GOV_WGI_RL.EST,-0.2889734,-0.4973006,-0.1613038,-0.0673975,-0.1615689,-0.189166399999999,-0.0514475,0.2121295,0.1996048,0.0965169999999999,0.0402315,0.0192559,0.1772023,0.1657172,0.2017795,0.1435263,0.2011809,0.2040096,0.2800282,0.1999325,0.1177125,0.1110047,0.0415219,0.0021348,-0.0029916,0.0539695
Guinea,GIN,Control of Corruption - Governance estimate (approx. -2.5 to +2.5),GOV_WGI_CC.EST,-0.584524199999999,-0.845999,-0.8520228,-0.856287199999999,-0.8577419,-0.882385499999999,-0.888743,-1.1793284,-1.3699881,-1.3149643,-1.2871445,-1.2031714,-1.1443626,-1.1535446,-1.1447747,-1.1775585,-1.097256,-1.0088286,-1.09129299999999,-1.1175524,-0.9231457,-0.8663898,-1.0113603,-0.9739553,-1.0078531,-1.17445279999999
Guinea,GIN,Rule of Law - Governance estimate (approx. -2.5 to +2.5),GOV_WGI_RL.EST,-1.2165933,-1.221153,-1.2271174,-1.1562918,-1.35589649999999,-1.2683284,-1.36527239999999,-1.37262669999999,-1.418297,-1.5405459,-1.62950819999999,-1.4931823,-1.44327569999999,-1.44435049999999,-1.48052309999999,-1.50843099999999,-1.1894041,-1.1407363,-1.1416472,-1.104063,-1.08321389999999,-1.0962208,-1.003033,-1.05538819999999,-1.1068782,-1.1479306
Guinea-Bissau,GNB,Control of Corruption - Governance estimate (approx. -2.5 to +2.5),GOV_WGI_CC.EST,-1.01032259999999,-1.0090603,-0.8169843,-1.088014,-1.1082963,-1.13502029999999,-1.1489973,-1.0742275,-1.13439959999999,-1.12268829999999,-1.1227048,-1.12242209999999,-1.1238522,-1.3434781,-1.42845,-1.58751319999999,-1.5509685,-1.57810309999999,-1.664347,-1.59620689999999,-1.52807229999999,-1.2993067,-1.21682239999999,-1.1609749,-1.1549527,-1.3460193
Guinea-Bissau,GNB,Rule of Law - Governance estimate (approx. -2.5 to +2.5),GOV_WGI_RL.EST,-1.8769757,-1.8087843,-1.57505529999999,-1.256251,-1.3537084,-1.2548711,-1.1520652,-1.1633285,-1.2085782,-1.28667819999999,-1.31645029999999,-1.3160216,-1.3258959,-1.5652773,-1.60079939999999,-1.4091451,-1.3024083,-1.3675385,-1.3274637,-1.1339259,-1.1439271,-1.1334891,-1.2016468,-1.25159,-1.2070689,-1.23482809999999
Kenya,KEN,Control of Corruption - Governance estimate (approx. -2.5 to +2.5),GOV_WGI_CC.EST,-1.0195375,-1.1801909,-0.9754007,-0.9730905,-0.7526162,-0.8947352,-1.0460424,-0.946384999999999,-0.961026199999999,-1.0513432,-1.1084859,-0.854366499999999,-0.9218464,-0.974947799999999,-0.9346291,-0.834178699999999,-0.9711807,-0.900809099999999,-0.8985955,-0.8341484,-0.809611299999999,-0.7505394,-0.710787899999999,-0.751285,-0.7594497,-0.8018297
Kenya,KEN,Rule of Law - Governance estimate (approx. -2.5 to +2.5),GOV_WGI_RL.EST,-0.876216999999999,-1.0959866,-0.951877299999999,-0.962291,-0.912129299999999,-0.7295068,-0.738038699999999,-0.7731656,-0.8625067,-0.9124338,-0.9557808,-0.8769138,-0.866718299999999,-0.7864458,-0.7406402,-0.5508657,-0.6423593,-0.612463299999999,-0.5442175,-0.5107269,-0.559008899999999,-0.5784344,-0.445618199999999,-0.4245656,-0.427558899999999,-0.464532
Lesotho,LSO,Control of Corruption - Governance estimate (approx. -2.5 to +2.5),GOV_WGI_CC.EST,-0.2575126,-0.461704199999999,-0.4698191,-0.4607172,-0.4519129,-0.314591399999999,-0.1245853,0.075208,0.0238937,0.1069533,0.1974813,0.1788739,0.2006484,0.1451542,0.2476871,0.1248333,0.0497097,0.0206204,0.0469636,0.0206214,-0.0282232,-0.009674,-0.1543581,-0.1463735,-0.3006103,-0.302427
Lesotho,LSO,Rule of Law - Governance estimate (approx. -2.5 to +2.5),GOV_WGI_RL.EST,0.0992281,0.0894182999999999,0.1855462,0.1963907,0.1964373,-0.239873199999999,-0.0570674,-0.142599299999999,-0.1851989,-0.1808092,-0.179036399999999,-0.2581736,-0.2534609,-0.1994631,-0.1984955,-0.1499856,-0.1298453,-0.1871002,-0.2496806,-0.337208299999999,-0.341573299999999,-0.369226499999999,-0.401743299999999,-0.4650393,-0.442253499999999,-0.406586499999999
Libya,LBY,Control of Corruption - Governance estimate (approx. -2.5 to +2.5),GOV_WGI_CC.EST,-0.7275475,-0.7288134,-0.7325145,-1.0539097,-1.0548034,-1.11627529999999,-1.1957157,-1.1939274,-1.1569251,-1.1162314,-1.2049286,-1.2258396,-1.250864,-1.1136811,-1.2916518,-1.475239,-1.59599119999999,-1.59775319999999,-1.6097899,-1.51601339999999,-1.5465395,-1.5214215,-1.5502152,-1.5332986,-1.5426693,-1.5315957
Libya,LBY,Rule of Law - Governance estimate (approx. -2.5 to +2.5),GOV_WGI_RL.EST,-1.2657422,-1.26790959999999,-1.182786,-1.3801427,-1.2248297,-1.1296781,-1.1693927,-1.1415494,-1.06989699999999,-1.0141289,-1.17927839999999,-1.1938263,-1.19040979999999,-1.0379947,-1.39483849999999,-1.59536189999999,-1.75455909999999,-1.6960655,-1.6097257,-1.5684814,-1.6213786,-1.6334673,-1.56279409999999,-1.7431898,-1.66847289999999,-1.6980126
Liberia,LBR,Control of Corruption - Governance estimate (approx. -2.5 to +2.5),GOV_WGI_CC.EST,-1.49441689999999,-1.5850777,-0.5434764,-1.1101642,-1.11161889999999,-1.246766,-1.3670714,-0.783521799999999,-0.7198737,-0.6268627,-0.438770799999999,-0.412423,-0.5668276,-0.4732171,-0.664203,-0.7936808,-0.734354699999999,-0.8475684,-0.852785,-0.9857106,-0.9910994,-0.9167423,-0.9896145,-1.0479173,-1.01213,-1.0473848
Liberia,LBR,Rule of Law - Governance estimate (approx. -2.5 to +2.5),GOV_WGI_RL.EST,-2.1566479,-1.91831519999999,-1.9212509,-1.890774,-1.79485609999999,-1.5096474,-1.2444464,-0.8299262,-0.9589814,-0.906836699999999,-0.954131299999999,-0.894351399999999,-0.897125899999999,-0.8335786,-0.848839799999999,-0.7733006,-0.7924952,-0.8082285,-0.791767,-0.831029799999999,-0.870665599999999,-0.855358499999999,-0.8429491,-0.858746399999999,-0.8997457,-0.868004
Malawi,MWI,Control of Corruption - Governance estimate (approx. -2.5 to +2.5),GOV_WGI_CC.EST,-0.4138309,-0.4150968,-0.4079104,-1.0735796,-0.9516688,-0.7886719,-0.782758899999999,-0.6539942,-0.663681899999999,-0.5696725,-0.5351013,-0.4404681,-0.3507495,-0.4934439,-0.643145499999999,-0.819742899999999,-0.829149999999999,-0.8277565,-0.715168199999999,-0.8171813,-0.802321,-0.4785598,-0.4316195,-0.6548107,-0.627533999999999,-0.6486607
Malawi,MWI,Rule of Law - Governance estimate (approx. -2.5 to +2.5),GOV_WGI_RL.EST,-0.3229574,-0.4121974,-0.413622799999999,-0.462183099999999,-0.3690919,-0.288101999999999,-0.1724688,-0.220824499999999,-0.1641484,-0.1003642,-0.1222938,-0.132729899999999,-0.1907518,-0.2988361,-0.236368299999999,-0.3096161,-0.320057,-0.3434887,-0.2603898,-0.2926334,-0.3048007,-0.262679899999999,-0.2454536,-0.215452999999999,-0.1343556,-0.1463001
Mali,MLI,Control of Corruption - Governance estimate (approx. -2.5 to +2.5),GOV_WGI_CC.EST,-0.510722999999999,-0.8087455,-0.814769299999999,-0.7363348,-0.7017145,-0.5385639,-0.5198863,-0.4876272,-0.506626,-0.5653538,-0.5124794,-0.5808838,-0.5360999,-0.666150799999999,-0.599550199999999,-0.6426253,-0.6307364,-0.6456428,-0.706974099999999,-0.744831199999999,-0.7719638,-0.7753949,-0.896400299999999,-0.8528176,-0.849355899999999,-0.9808589
Mali,MLI,Rule of Law - Governance estimate (approx. -2.5 to +2.5),GOV_WGI_RL.EST,-0.254907999999999,-0.264791799999999,-0.2649884,-0.322183899999999,-0.1787465,-0.3638342,-0.2395513,-0.267944099999999,-0.1351054,-0.3684673,-0.3095302,-0.4185293,-0.4621075,-0.749730799999999,-0.822118999999999,-0.7038046,-0.7521911,-0.7584401,-0.7545362,-0.7515531,-0.8086867,-0.8335984,-0.882688199999999,-1.0213887,-1.0366418,-1.0943496
Mauritania,MRT,Control of Corruption - Governance estimate (approx. -2.5 to +2.5),GOV_WGI_CC.EST,-0.5575926,-0.560368099999999,-0.5684831,-0.2834875,-0.2854472,-0.5709681,-0.674049799999999,-0.6238901,-0.5401178,-0.7988269,-0.7090306,-0.6166503,-0.5421054,-0.734616199999999,-0.7989219,-0.9214158,-0.9528354,-0.8308534,-0.8700694,-0.8944903,-0.981007499999999,-0.7915263,-0.879153,-0.8477941,-0.7965253,-0.933744999999999
Mauritania,MRT,Rule of Law - Governance estimate (approx. -2.5 to +2.5),GOV_WGI_RL.EST,-0.5587984,-0.563240899999999,-0.560795199999999,-0.5571233,-0.654087499999999,-0.890168,-0.7919799,-0.7435007,-0.5999118,-1.0780743,-0.9367894,-0.899488699999999,-0.953907899999999,-0.989272199999999,-1.069894,-0.9896735,-0.9742152,-0.915534499999999,-0.806902,-0.823958899999999,-0.7821412,-0.7061772,-0.8740834,-0.8487425,-0.8540015,-0.863509899999999
Mauritius,MUS,Control of Corruption - Governance estimate (approx. -2.5 to +2.5),GOV_WGI_CC.EST,0.4571539,0.4550643,0.3762098,0.4145757,0.3492526,0.2162981,0.2458762,0.4004471,0.3592469,0.5643594,0.5303188,0.3259093,0.343491,0.4410037,0.4205264,0.4563263,0.2903886,0.3223687,0.2855506,0.3016043,0.3198001,0.3426669,0.416008,0.3948817,0.3417899,0.3404819
Mauritius,MUS,Rule of Law - Governance estimate (approx. -2.5 to +2.5),GOV_WGI_RL.EST,0.8053907,0.9953086,0.9536851,0.9596849,0.9029544,0.8654116,0.9387356,0.8666351,0.8866194,0.94264,0.9104794,0.837472,0.8838383,1.0288472,0.9329893,0.9599584,0.8836384,0.9620156,0.9262704,0.926741,0.8929962,0.9547352,0.7212842,0.6838381,0.6633408,0.638614
Mozambique,MOZ,Control of Corruption - Governance estimate (approx. -2.5 to +2.5),GOV_WGI_CC.EST,-0.222016,-0.223281899999999,-0.555964999999999,-0.664196599999999,-0.6145358,-0.710106599999999,-0.663562499999999,-0.6055707,-0.5146029,-0.4411018,-0.5409016,-0.6420833,-0.648115,-0.5844214,-0.7525881,-0.861341399999999,-0.8687712,-0.991651899999999,-0.9645689,-0.8725989,-0.8757647,-0.7627176,-0.809070699999999,-0.9013357,-0.904286399999999,-1.0618104
Mozambique,MOZ,Rule of Law - Governance estimate (approx. -2.5 to +2.5),GOV_WGI_RL.EST,-0.7144999,-0.7179766,-0.7078803,-0.660718399999999,-0.7630262,-0.6481694,-0.5631045,-0.4953955,-0.5530645,-0.5816598,-0.5769245,-0.6362812,-0.7838554,-0.6756875,-0.9450097,-0.904627899999999,-0.8527751,-1.0119212,-0.9914898,-0.9808812,-0.9656024,-1.0406476,-1.0487663,-1.0728381,-1.1016921,-1.1949508
Morocco,MAR,Control of Corruption - Governance estimate (approx. -2.5 to +2.5),GOV_WGI_CC.EST,-0.1050425,-0.0906577,-0.2831165,-0.123071,-0.3936459,-0.3883585,-0.5205989,-0.3493154,-0.3077874,-0.3770822,-0.3848958,-0.3011276,-0.5058263,-0.5029325,-0.4173212,-0.4165717,-0.352055199999999,-0.3146541,-0.3911459,-0.475142299999999,-0.425659399999999,-0.408551999999999,-0.4783966,-0.4879114,-0.5521901,-0.5186913
Morocco,MAR,Rule of Law - Governance estimate (approx. -2.5 to +2.5),GOV_WGI_RL.EST,0.4363129,0.252351,0.2141976,-0.1580799,-0.3429218,-0.2119047,-0.4379494,-0.3782659,-0.3834633,-0.467205899999999,-0.413999299999999,-0.3848819,-0.381967699999999,-0.3317303,-0.4333613,-0.372493199999999,-0.3687701,-0.2935249,-0.3713857,-0.3248223,-0.3198643,-0.314662899999999,-0.4447944,-0.4491939,-0.3934002,-0.3678036
Niger,NER,Control of Corruption - Governance estimate (approx. -2.5 to +2.5),GOV_WGI_CC.EST,-0.7843911,-1.29420509999999,-0.9976217,-1.0018861,-1.0033408,-0.8820479,-0.7805882,-0.772062999999999,-0.6805262,-0.5497619,-0.632288699999999,-0.6019841,-0.511074399999999,-0.435072099999999,-0.374697,-0.4434815,-0.4307116,-0.4203841,-0.4352048,-0.4471908,-0.438836799999999,-0.529990899999999,-0.5632509,-0.5631731,-0.517433,-0.6169138
Niger,NER,Rule of Law - Governance estimate (approx. -2.5 to +2.5),GOV_WGI_RL.EST,-0.6903746,-0.6931596,-0.895342,-0.8025618,-0.803658099999999,-0.6771649,-0.6483549,-0.6245355,-0.6328629,-0.6759696,-0.642442499999999,-0.6195252,-0.5181874,-0.6902391,-0.7158576,-0.6904258,-0.5809198,-0.5704113,-0.5600199,-0.5744578,-0.5391518,-0.5192429,-0.598975199999999,-0.665473,-0.804084799999999,-0.9457241
Nigeria,NGA,Control of Corruption - Governance estimate (approx. -2.5 to +2.5),GOV_WGI_CC.EST,-1.1619134,-1.3225666,-1.42742899999999,-1.6883572,-1.5156767,-1.39574779999999,-1.2796302,-1.18877529999999,-1.1576585,-1.0428079,-1.0705308,-1.1312205,-1.1407268,-1.1466737,-1.1851958,-1.29811949999999,-1.1613946,-1.0910815,-1.14439619999999,-1.1452871,-1.1258494,-1.1178348,-1.1909306,-1.225087,-1.098731,-1.1145909
Nigeria,NGA,Rule of Law - Governance estimate (approx. -2.5 to +2.5),GOV_WGI_RL.EST,-1.1352687,-1.1332464,-1.2256919,-1.5261562,-1.4253748,-1.2389652,-1.2662786,-1.1068189,-1.0404247,-0.999070599999999,-1.0044187,-1.11565809999999,-1.061201,-1.0854852,-1.18585759999999,-1.1320206,-0.960877499999999,-0.8794569,-0.793796,-0.813823899999999,-0.8377059,-0.8413031,-0.926327599999999,-0.9998212,-0.934848799999999,-1.0069453
Rwanda,RWA,Control of Corruption - Governance estimate (approx. -2.5 to +2.5),GOV_WGI_CC.EST,-0.80338,-0.806155499999999,-0.7486237,-0.7155773,-0.717537,-0.3583417,-0.3597549,-0.224057199999999,-0.1290585,0.0459088,0.0325468,0.2778291,0.2939461,0.4271324,0.4277974,0.4896227,0.5000821,0.5807531,0.5061897,0.4362084,0.4520132,0.5134655,0.4694992,0.5279544,0.6808504,0.6254936
Rwanda,RWA,Rule of Law - Governance estimate (approx. -2.5 to +2.5),GOV_WGI_RL.EST,-1.5234476,-1.51822899999999,-1.376078,-1.0945646,-1.01647,-0.870006,-0.8413571,-0.7562457,-0.684833999999999,-0.561597799999999,-0.624173499999999,-0.4603771,-0.4166968,-0.3228854,-0.2889095,-0.2189234,-0.1582498,-0.1233215,-0.138634999999999,-0.143413899999999,-0.14057,-0.0314872999999999,0.0190329,0.0067627,0.0714762,0.1002757
Sao Tome and Principe,STP,Control of Corruption - Governance estimate (approx. -2.5 to +2.5),GOV_WGI_CC.EST,0.3420657,0.3392902,0.2162935,0.2105487,-0.0821514,-0.322845,-0.4171686,-0.459173699999999,-0.3761365,-0.2913022,-0.24061,-0.2249869,-0.158021599999999,-0.1592074,-0.1937576,-0.0806894,-0.0797689999999999,-0.1169146,0.0961283999999999,0.1565474,0.1759771,0.0892524,0.1620477,0.1448531,0.1218554,0.1841644
Sao Tome and Principe,STP,Rule of Law - Governance estimate (approx. -2.5 to +2.5),GOV_WGI_RL.EST,0.1603564,0.1529846,0.132105,-0.177531599999999,-0.1676551,-0.4611845,-0.4161621,-0.4191259,-0.3647061,-0.4049177,-0.559762,-0.487468499999999,-0.488221199999999,-0.578294299999999,-0.666458,-0.636713299999999,-0.5832763,-0.505767899999999,-0.4991696,-0.4949939,-0.4874284,-0.356877899999999,-0.3937827,-0.294381499999999,-0.3531339,-0.3531666
Senegal,SEN,Control of Corruption - Governance estimate (approx. -2.5 to +2.5),GOV_WGI_CC.EST,-0.0413473,0.1549906,0.1512895,0.3635809,-0.164649799999999,-0.153957899999999,-0.184227299999999,-0.2938212,-0.366259699999999,-0.373044899999999,-0.4445787,-0.5598176,-0.3719629,-0.2609003,-0.221789899999999,0.03561,0.0806390999999999,0.0315258,-0.0177432,0.0271111,-0.000328699999999999,-0.0155587,0.0360917,0.0169424,0.0381077,0.1130413
Senegal,SEN,Rule of Law - Governance estimate (approx. -2.5 to +2.5),GOV_WGI_RL.EST,-0.0853833,-0.0474739999999999,-0.0454952,0.0311348,-0.1818951,-0.1369852,-0.0277204,-0.2240603,-0.177297099999999,-0.218077499999999,-0.2903716,-0.3419317,-0.3452903,-0.2019456,-0.2085281,-0.1359198,-0.1373394,-0.0666168,-0.129583199999999,-0.1376841,-0.111789,-0.0993883,-0.1485159,-0.1356248,-0.170334799999999,-0.2046739
Seychelles,SYC,Control of Corruption - Governance estimate (approx. -2.5 to +2.5),GOV_WGI_CC.EST,0.640072,0.6372965,0.6291815,0.6681958,0.727407,0.2196211,0.1121234,0.1146319,0.112835,0.1133127,0.4120842,0.4410844,0.4403622,0.4106607,0.4170086,0.4713108,0.9238577,0.9114965,0.7220791,0.8163729,1.0734136,1.1448063,1.1441374,1.1495314,1.151735,1.2307957
Seychelles,SYC,Rule of Law - Governance estimate (approx. -2.5 to +2.5),GOV_WGI_RL.EST,0.4589395,0.4515677,0.4654232,0.4813133,0.5437378,0.4574304,0.4114195,0.3031967,0.3921316,0.3259884,0.1962254,0.1074652,0.1120002,0.1387238,0.1582385,0.140185,0.2919363,0.337312,0.2519102,0.4346563,0.4330134,0.532971,0.5521392,0.5983146,0.5546447,0.5968987
Sierra Leone,SLE,Control of Corruption - Governance estimate (approx. -2.5 to +2.5),GOV_WGI_CC.EST,-0.6468024,-0.6643678,-0.6703916,-0.8043632,-0.8124904,-0.8325731,-1.0388939,-1.0120347,-0.956930899999999,-0.890809299999999,-0.7565101,-0.6318848,-0.6666656,-0.7690941,-0.801596699999999,-0.8422333,-0.7988086,-0.826636199999999,-0.6651075,-0.5315771,-0.512898499999999,-0.4611415,-0.478002999999999,-0.5533309,-0.568678999999999,-0.702284199999999
Sierra Leone,SLE,Rule of Law - Governance estimate (approx. -2.5 to +2.5),GOV_WGI_RL.EST,-1.2382042,-1.1025619,-1.0881172,-1.4871972,-1.1649922,-1.0284067,-0.960196699999999,-0.8718921,-0.857013799999999,-0.8640352,-0.8375956,-0.8366323,-0.783612,-0.741593,-0.8619589,-0.894407899999999,-0.789320799999999,-0.8024905,-0.7575713,-0.736684799999999,-0.781942199999999,-0.6747383,-0.759120999999999,-0.7806301,-0.8268953,-0.8385756
South Africa,ZAF,Control of Corruption - Governance estimate (approx. -2.5 to +2.5),GOV_WGI_CC.EST,0.8660995,0.7117398,0.4726792,0.2011764,0.1374478,0.2207295,0.3388716,0.4594323,0.3081368,0.1596049,0.1056357,0.093303,0.1087565,-0.0291711999999999,-0.0335595,-0.0143828,0.0114254,0.0306383,-0.0798663999999999,-0.0473417999999999,0.0349803,0.0256677,0.0645613,-0.1634734,-0.2095917,-0.191792799999999
South Africa,ZAF,Rule of Law - Governance estimate (approx. -2.5 to +2.5),GOV_WGI_RL.EST,-0.0116072,-0.0081801,-0.0123717,0.0731619999999999,0.0936661999999999,0.1326388,0.1783305,0.3066237,0.1587318,0.0771777999999999,0.0334806,0.065012,0.0107579,0.0103319,0.0246889,0.0704603,0.0440534,0.0701133,0.0143383,-0.0683312,-0.0749162,-0.0613794,0.1210745,0.0341024,0.039525,0.017703
"Somalia, Fed. Rep.",SOM,Control of Corruption - Governance estimate (approx. -2.5 to +2.5),GOV_WGI_CC.EST,-1.61624259999999,-1.6183029,-1.6143592,-1.39394359999999,-1.6112183,-1.64426269999999,-1.657789,-1.6536954,-1.6552547,-1.6858822,-1.5862218,-1.684578,-1.6615444,-1.649052,-1.64551309999999,-1.73994569999999,-1.7297878,-1.7350014,-1.721871,-1.80642059999999,-1.6343465,-1.5494727,-1.6031075,-1.59878449999999,-1.61685259999999,-1.7861136
"Somalia, Fed. Rep.",SOM,Rule of Law - Governance estimate (approx. -2.5 to +2.5),GOV_WGI_RL.EST,-2.3086666,-2.315045,-2.32001009999999,-2.50632509999999,-2.5080384,-2.4854228,-2.34532669999999,-2.4900112,-2.48707189999999,-2.4669174,-2.37706949999999,-2.3849652,-2.380498,-2.35479259999999,-2.3576872,-2.2284291,-2.1954112,-2.2378636,-2.3167845,-2.3047801,-2.27689089999999,-2.18341659999999,-2.16817529999999,-2.2051746,-2.1303739,-2.2054496
Sudan,SDN,Control of Corruption - Governance estimate (approx. -2.5 to +2.5),GOV_WGI_CC.EST,-1.3165375,-1.31780339999999,-1.1657662,-1.1833566,-1.3168528,-1.30601939999999,-1.41500919999999,-1.2022545,-1.31310249999999,-1.4268295,-1.42912899999999,-1.4777406,-1.46601389999999,-1.57216549999999,-1.5693861,-1.5461064,-1.4808042,-1.4810828,-1.480461,-1.5184609,-1.47108899999999,-1.3828975,-1.292527,-1.4462818,-1.4513517,-1.557432
Sudan,SDN,Rule of Law - Governance estimate (approx. -2.5 to +2.5),GOV_WGI_RL.EST,-1.6598369,-1.6620042,-1.62159869999999,-1.30204949999999,-1.56837459999999,-1.5359713,-1.6379732,-1.3730517,-1.4038579,-1.4263343,-1.3933906,-1.383167,-1.4311591,-1.42399229999999,-1.4727537,-1.4368402,-1.4901668,-1.4810009,-1.3822481,-1.3679719,-1.4223111,-1.344873,-1.3405003,-1.4230148,-1.65553779999999,-1.7733122
Tanzania,TZA,Control of Corruption - Governance estimate (approx. -2.5 to +2.5),GOV_WGI_CC.EST,-0.5613152,-0.7219685,-0.725669599999999,-0.757763699999999,-0.7197376,-0.604957499999999,-0.669065599999999,-0.2154179,-0.3125541,-0.347588299999999,-0.3744225,-0.493373299999999,-0.5267179,-0.6184419,-0.6530961,-0.6311616,-0.5825641,-0.4354617,-0.3504596,-0.3396123,-0.2829332,-0.2540505,-0.351543,-0.3590925,-0.346236,-0.2941052
Tanzania,TZA,Rule of Law - Governance estimate (approx. -2.5 to +2.5),GOV_WGI_RL.EST,-0.2035512,-0.2057186,-0.384225,-0.4575934,-0.4440572,-0.507009199999999,-0.3577649,-0.420657,-0.370776,-0.3937892,-0.364254099999999,-0.382002299999999,-0.382105,-0.435475899999999,-0.493487099999999,-0.464479,-0.4023419,-0.438044699999999,-0.486800199999999,-0.5520727,-0.5728339,-0.565190299999999,-0.5650588,-0.5495819,-0.4944742,-0.5194228
South Sudan,SSD,Control of Corruption - Governance estimate (approx. -2.5 to +2.5),GOV_WGI_CC.EST,..,..,..,..,..,..,..,..,..,..,..,-0.214174099999999,-1.2275676,-1.34178249999999,-1.4236144,-1.71827969999999,-1.77074769999999,-1.7919554,-1.7562035,-1.8304337,-1.8861426,-1.80683669999999,-1.82343179999999,-1.861122,-1.87741769999999,-2.0647211
South Sudan,SSD,Rule of Law - Governance estimate (approx. -2.5 to +2.5),GOV_WGI_RL.EST,..,..,..,..,..,..,..,..,..,..,..,..,-1.3454875,-1.1549676,-1.3517382,-1.6791346,-1.6930815,-1.7566012,-1.7533888,-1.8708086,-1.87228589999999,-1.90756779999999,-1.97781689999999,-1.9298809,-2.00017059999999,-1.9725304
Togo,TGO,Control of Corruption - Governance estimate (approx. -2.5 to +2.5),GOV_WGI_CC.EST,-0.7269447,-0.805423,-0.7671465,-0.901118099999999,-0.9025728,-0.9227871,-0.9351421,-1.0720376,-1.0360718,-1.0401869,-1.0333147,-0.786170199999999,-0.8497363,-0.818918399999999,-0.8443157,-0.791632799999999,-0.6308001,-0.6534352,-0.7306167,-0.7549576,-0.7066703,-0.644805899999999,-0.6519768,-0.630985799999999,-0.5879504,-0.6633762
Togo,TGO,Rule of Law - Governance estimate (approx. -2.5 to +2.5),GOV_WGI_RL.EST,-0.8890874,-0.8444754,-0.8349112,-1.0546299,-1.19112249999999,-1.0433959,-1.15802199999999,-0.98252,-0.992190399999999,-0.862322599999999,-0.8832441,-0.838355,-0.7898362,-0.9141876,-0.9870469,-0.9065907,-0.8151079,-0.799414499999999,-0.8070668,-0.694814199999999,-0.7029591,-0.6160719,-0.6328001,-0.675356699999999,-0.6302782,-0.632861
Tunisia,TUN,Control of Corruption - Governance estimate (approx. -2.5 to +2.5),GOV_WGI_CC.EST,-0.3666101,-0.367876,-0.3715771,-0.0488823,-0.2307968,-0.1547903,-0.2831211,-0.0584308999999999,-0.114220499999999,-0.298259899999999,-0.2882811,-0.1941292,0.0507,0.0016466,-0.0117731,0.012509,-0.0143711,-0.0577612999999999,-0.0490023999999999,0.00133739999999999,-0.0286669999999999,-0.019263,-0.1415165,-0.1992466,-0.192361099999999,-0.220154599999999
Tunisia,TUN,Rule of Law - Governance estimate (approx. -2.5 to +2.5),GOV_WGI_RL.EST,-0.253765099999999,-0.2559324,-0.257357799999999,-0.248541799999999,-0.3720485,-0.160185,-0.2641906,-0.124350499999999,-0.1480114,-0.108620899999999,-0.1372617,-0.217492599999999,-0.4029909,-0.175204,-0.2216627,-0.152277399999999,-0.1094928,-0.1019524,-0.0902866,-0.0574128,-0.0268576999999999,-0.0116452999999999,-0.0151282999999999,-0.236793299999999,-0.3148235,-0.3644942
Uganda,UGA,Control of Corruption - Governance estimate (approx. -2.5 to +2.5),GOV_WGI_CC.EST,-0.6802866,-1.09717399999999,-1.1308156,-1.1472765,-1.0880722,-0.832184399999999,-0.8971513,-0.643684199999999,-0.7161406,-0.707299999999999,-0.7593312,-0.7605074,-0.7939237,-0.8567334,-0.9342784,-0.988474499999999,-1.0129557,-0.9946961,-1.0168329,-1.0296281,-1.1024791,-0.936142199999999,-0.9322359,-0.9890036,-0.996690299999999,-1.11616729999999
Uganda,UGA,Rule of Law - Governance estimate (approx. -2.5 to +2.5),GOV_WGI_RL.EST,-0.3990359,-0.574301,-0.7520219,-0.754917899999999,-0.707623799999999,-0.7109534,-0.5342542,-0.266143199999999,-0.305873399999999,-0.2591785,-0.332457399999999,-0.349823699999999,-0.4625994,-0.4996961,-0.5574549,-0.5832969,-0.610189,-0.6395096,-0.6572323,-0.693584099999999,-0.728266,-0.690221499999999,-0.7277087,-0.729024799999999,-0.752792999999999,-0.738524299999999
Zimbabwe,ZWE,Control of Corruption - Governance estimate (approx. -2.5 to +2.5),GOV_WGI_CC.EST,-0.396613999999999,-0.680634299999999,-1.27712429999999,-1.36732069999999,-1.41782839999999,-1.40678899999999,-1.498948,-1.3723553,-1.402998,-1.5353415,-1.5461452,-1.4687145,-1.4551794,-1.3288997,-1.3977252,-1.4973623,-1.3029239,-1.3004061,-1.2922875,-1.3111277,-1.28338019999999,-1.1729479,-1.1867823,-1.1984753,-1.1914608,-1.2516542
Zimbabwe,ZWE,Rule of Law - Governance estimate (approx. -2.5 to +2.5),GOV_WGI_RL.EST,-0.6513025,-0.9281334,-1.55969499999999,-1.88033189999999,-1.8192363,-1.74025909999999,-1.87114729999999,-1.8936098,-1.8830102,-1.89282179999999,-1.8548257,-1.7974643,-1.78434949999999,-1.64500499999999,-1.6961368,-1.6496871,-1.40778009999999,-1.4315883,-1.380811,-1.2942012,-1.28158559999999,-1.24233859999999,-1.263628,-1.3005258,-1.2681513,-1.2109412
Zambia,ZMB,Control of Corruption - Governance estimate (approx. -2.5 to +2.5),GOV_WGI_CC.EST,-0.825604599999999,-0.8234682,-0.9273562,-0.8018168,-0.809389799999999,-0.6055574,-0.603934499999999,-0.392071,-0.3472209,-0.345906899999999,-0.3090289,-0.369043,-0.273636999999999,-0.269322599999999,-0.305174,-0.390403499999999,-0.395175899999999,-0.423830999999999,-0.464061199999999,-0.6165275,-0.6455711,-0.6050749,-0.6928953,-0.4180775,-0.39812,-0.4568294
Zambia,ZMB,Rule of Law - Governance estimate (approx. -2.5 to +2.5),GOV_WGI_RL.EST,-0.4599043,-0.4620717,-0.416429,-0.3450802,-0.410630799999999,-0.4700626,-0.3854022,-0.459117799999999,-0.4112994,-0.33141,-0.3426566,-0.379340499999999,-0.323967599999999,-0.4889225,-0.4100551,-0.4213975,-0.3560318,-0.4033579,-0.4504641,-0.4817744,-0.591155099999999,-0.6567755,-0.6026535,-0.6313823,-0.6089819,-0.5611771
Namibia,NAM,Control of Corruption - Governance estimate (approx. -2.5 to +2.5),GOV_WGI_CC.EST,0.9179483,0.5596911,0.55599,0.1007833,0.0648883,-0.0108496,-0.0218681999999999,0.3198085,0.2818941,0.5812992,0.4769442,0.3382449,0.3080152,0.4912085,0.4707981,0.4361437,0.4537303,0.4077914,0.3675534,0.4425861,0.4318792,0.3917523,0.3260821,0.3167748,0.1649292,0.1265202
Namibia,NAM,Rule of Law - Governance estimate (approx. -2.5 to +2.5),GOV_WGI_RL.EST,0.4917662,0.3597755,0.4451609,0.3587995,0.3291829,0.0183018,0.0620159,0.2704801,0.2781029,0.3694739,0.3701518,0.2970201,0.1702201,0.2567192,0.2527678,0.2053057,0.2731422,0.3115188,0.2204754,0.183239,0.1859134,0.2186834,0.2859049,0.3187607,0.3088084,0.3278567
Madagascar,MDG,Control of Corruption - Governance estimate (approx. -2.5 to +2.5),GOV_WGI_CC.EST,0.0520045,-0.0685591,-0.0745829,-0.0393789,0.0792649,-0.3107225,-0.3115825,-0.1926405,-0.1559895,-0.1853766,-0.211703299999999,-0.3902245,-0.4045495,-0.612370899999999,-0.7119532,-0.783836699999999,-0.784991,-0.794875999999999,-0.922522,-0.9185574,-0.925669499999999,-0.8463989,-0.9473613,-0.9659728,-0.9853603,-1.00991649999999
Madagascar,MDG,Rule of Law - Governance estimate (approx. -2.5 to +2.5),GOV_WGI_RL.EST,-0.3072618,-0.370386699999999,-0.287284,-0.3299612,-0.5065395,-0.3418461,-0.2887078,-0.3078826,-0.3068549,-0.3523698,-0.7108084,-0.8509099,-0.8607739,-0.8274005,-1.0194324,-0.914848,-0.7873387,-0.7441264,-0.7899503,-0.7923835,-0.8395324,-0.858634599999999,-0.893154,-0.9669241,-0.955411599999999,-0.8827065
Central African Republic,CAF,Control of Corruption - Governance estimate (approx. -2.5 to +2.5),GOV_WGI_CC.EST,-1.23436559999999,-1.23714109999999,-1.2601757,-0.975180199999999,-1.1427486,-1.31345469999999,-1.2806541,-1.1206776,-1.0493179,-1.1470045,-1.0963308,-0.979839599999999,-0.980304699999999,-0.9511,-1.1350883,-1.25103109999999,-1.3662253,-1.30818529999999,-1.18078179999999,-1.22089,-1.20142479999999,-1.25240479999999,-1.316273,-1.3173981,-1.3816342,-1.30997079999999
Central African Republic,CAF,Rule of Law - Governance estimate (approx. -2.5 to +2.5),GOV_WGI_RL.EST,-1.21678889999999,-1.2241608,-1.2263368,-0.917907199999999,-1.46757349999999,-1.3221006,-1.4008998,-1.4945807,-1.4794971,-1.44770699999999,-1.350346,-1.3182623,-1.33362769999999,-1.42836609999999,-1.8659188,-1.8093264,-1.7074828,-1.6889029,-1.60528049999999,-1.553388,-1.5839953,-1.5623816,-1.5476834,-1.66733549999999,-1.7248503,-1.7147975
,,,,,,,,,,,,,,,,,,,,,,,,,,,,,
,,,,,,,,,,,,,,,,,,,,,,,,,,,,,
,,,,,,,,,,,,,,,,,,,,,,,,,,,,,
Data from database: Worldwide Governance Indicators,,,,,,,,,,,,,,,,,,,,,,,,,,,,,
Last Updated: 03/18/2026,,,,,,,,,,,,,,,,,,,,,,,,,,,,,
Code,License Type,Indicator Name,Long definition,Source,Topic,Periodicity,Aggregation method,Other notes,License URL
GOV_WGI_CC.EST,CC BY-4.0,Control of Corruption - Governance estimate (approx. -2.5 to +2.5),"Control of Corruption (CC) captures perceptions of the extent to which public power is used for private gain, including both petty and grand corruption, as well as capture of the state by elites and private interests.  Governance estimate from the aggregation model, in units of a standard normal distribution, i.e. ranging from approximately -2.5 to 2.5. Larger values correspond to better governance.","Detailed documentation of the WGI, interactive tools for exploring the data, and full access to the underlying source data available at www.govindicators.org. Worldwide Governance Indicators, 2025 Revision, World Bank (www.govindicators.org), Accessed on 12/15/2025. And: World Bank (2025). “The Worldwide Governance Indicators: Revised Methodology for Measuring Governance Using Perception Data.” Washington, DC: World Bank Group. The 2025 revision builds upon the original WGI methodology which was introduced in 1999 and summarized by the following paper: Kaufmann, Daniel & Aart C. Kraay. (2024). “The Worldwide Governance Indicators: Methodology and 2024 Update.” Policy Research Working Paper. Washington, DC: World Bank Group.",Control of Corruption,Annual,"Indicators, from the underlying data sources, are aggregated using the Unobserved Components Model (UCM). The UCM is essentially a weighted average, resulting in a governance estimate at the country level.","The following are the key steps:
STEP 1:  Assigning indicators from the underlying sources to the six governance dimensions.  Individual questions or variables from the underlying data sources are mapped to up to two of the six governance dimensions.
STEP 2:  Rescaling the individual source data to range from 0 to 1.  Each question from the underlying data sources is rescaled to range from 0 to 1, with higher values corresponding to better governance outcomes.
STEP 3:  Using an Unobserved Components Model to construct a governance estimate for each dimension by taking a weighted average of the source-by-dimension data. To aggregate data across multiple sources, the WGI uses a statistical technique known as an Unobserved Components Model (UCM).
STEP 4:  Transforming the UCM-generated governance estimates to a 0–100 absolute governance score. The WGI transform the governance estimates for each country, year, and dimension—typically ranging from approximately –2.5 to 2.5 —into absolute scores on a 0–100 scale, with 100 representing the best absolute governance performance.

The following is a summary of the methodology:
https://www.worldbank.org/en/publication/worldwide-governance-indicators/documentation#3
The following is detailed description of the methodology:
https://www.worldbank.org/content/dam/sites/govindicators/doc/The%20Worldwide%20Governance%20Indicators%202025%20Methodology%20Revision.pdf",https://datacatalog.worldbank.org/public-licenses#cc-by
GOV_WGI_RL.EST,CC BY-4.0,Rule of Law - Governance estimate (approx. -2.5 to +2.5),"Rule of Law (RL) captures perceptions of the extent to which agents respect and follow the rules of society, including contract enforcement, property rights, the police, courts, and the likelihood of crime and violence. Governance estimate from the aggregation model, in units of a standard normal distribution, i.e. ranging from approximately -2.5 to 2.5. Larger values correspond to better governance.","Detailed documentation of the WGI, interactive tools for exploring the data, and full access to the underlying source data available at www.govindicators.org. Worldwide Governance Indicators, 2025 Revision, World Bank (www.govindicators.org), Accessed on 12/15/2025. And: World Bank (2025). “The Worldwide Governance Indicators: Revised Methodology for Measuring Governance Using Perception Data.” Washington, DC: World Bank Group. The 2025 revision builds upon the original WGI methodology which was introduced in 1999 and summarized by the following paper: Kaufmann, Daniel & Aart C. Kraay. (2024). “The Worldwide Governance Indicators: Methodology and 2024 Update.” Policy Research Working Paper. Washington, DC: World Bank Group.",Rule of Law,Annual,"Indicators, from the underlying data sources, are aggregated using the Unobserved Components Model (UCM). The UCM is essentially a weighted average, resulting in a governance estimate at the country level.","The following are the key steps:
STEP 1:  Assigning indicators from the underlying sources to the six governance dimensions.  Individual questions or variables from the underlying data sources are mapped to up to two of the six governance dimensions.
STEP 2:  Rescaling the individual source data to range from 0 to 1.  Each question from the underlying data sources is rescaled to range from 0 to 1, with higher values corresponding to better governance outcomes.
STEP 3:  Using an Unobserved Components Model to construct a governance estimate for each dimension by taking a weighted average of the source-by-dimension data. To aggregate data across multiple sources, the WGI uses a statistical technique known as an Unobserved Components Model (UCM).
STEP 4:  Transforming the UCM-generated governance estimates to a 0–100 absolute governance score. The WGI transform the governance estimates for each country, year, and dimension—typically ranging from approximately –2.5 to 2.5 —into absolute scores on a 0–100 scale, with 100 representing the best absolute governance performance.

The following is a summary of the methodology:
https://www.worldbank.org/en/publication/worldwide-governance-indicators/documentation#3
The following is detailed description of the methodology:
https://www.worldbank.org/content/dam/sites/govindicators/doc/The%20Worldwide%20Governance%20Indicators%202025%20Methodology%20Revision.pdf",https://datacatalog.worldbank.org/public-licenses#cc-by
